Date,Casual,Member,Total_rides,WMO code,temp(°C),atemp(°C),windspeed,season,Season,yr,mnth,holiday,weekday,workingday,Weekday,weathersit
2021-01-01,371,590,961,63,2.3,-0.9,10.6,1,Winter,2,1,True,4,False,Friday,4
2021-01-02,2874,2844,5718,61,7.6,4.8,19.1,1,Winter,2,1,False,5,False,Saturday,4
2021-01-03,495,1133,1628,63,3.9,0.9,13.0,1,Winter,2,1,False,6,False,Sunday,4
2021-01-04,907,2074,2981,3,4.1,1.0,13.3,1,Winter,2,1,False,0,True,Monday,1
2021-01-05,1057,2004,3061,51,4.0,1.4,9.2,1,Winter,2,1,False,1,True,Tuesday,4
2021-01-06,1359,1753,3112,3,3.4,-1.1,20.8,1,Winter,2,1,False,2,True,Wednesday,1
2021-01-07,1167,2143,3310,3,2.9,-1.3,14.4,1,Winter,2,1,False,3,True,Thursday,1
2021-01-08,784,2203,2987,3,0.7,-3.1,12.9,1,Winter,2,1,False,4,True,Friday,1
2021-01-09,1490,2582,4072,2,1.7,-3.8,19.4,1,Winter,2,1,False,5,False,Saturday,1
2021-01-10,1479,2522,4001,1,2.6,-1.8,18.7,1,Winter,2,1,False,6,False,Sunday,1
2021-01-11,677,2194,2871,3,1.5,-1.8,9.8,1,Winter,2,1,False,0,True,Monday,1
2021-01-12,919,2725,3644,0,1.3,-2.2,10.2,1,Winter,2,1,False,1,True,Tuesday,1
2021-01-13,1095,2788,3883,0,2.1,-1.3,9.7,1,Winter,2,1,False,2,True,Wednesday,1
2021-01-14,1095,2702,3797,2,3.5,0.3,9.2,1,Winter,2,1,False,3,True,Thursday,1
2021-01-15,924,2410,3334,53,4.4,1.0,18.9,1,Winter,2,1,False,4,True,Friday,4
2021-01-16,1850,2841,4691,53,4.3,0.6,16.2,1,Winter,2,1,False,5,False,Saturday,4
2021-01-17,1437,2308,3745,3,3.4,-1.0,19.6,1,Winter,2,1,False,6,False,Sunday,1
2021-01-18,1229,2212,3441,2,2.6,-1.9,20.8,1,Winter,2,1,True,0,False,Monday,1
2021-01-19,1185,2185,3370,3,2.3,-2.1,20.5,1,Winter,2,1,False,1,True,Tuesday,1
2021-01-20,995,1627,2622,53,1.4,-3.3,24.7,1,Winter,2,1,True,2,False,Wednesday,4
2021-01-21,1106,2423,3529,1,2.3,-1.7,12.3,1,Winter,2,1,False,3,True,Thursday,1
2021-01-22,1302,2734,4036,3,2.8,-1.6,20.4,1,Winter,2,1,False,4,True,Friday,1
2021-01-23,1145,2337,3482,3,-0.3,-5.9,23.6,1,Winter,2,1,False,5,False,Saturday,1
2021-01-24,1143,2166,3309,3,-0.9,-5.4,14.0,1,Winter,2,1,False,6,False,Sunday,1
2021-01-25,543,1847,2390,73,1.5,-2.1,10.0,1,Winter,2,1,False,0,True,Monday,4
2021-01-26,492,1505,1997,73,1.5,-1.4,11.9,1,Winter,2,1,False,1,True,Tuesday,4
2021-01-27,968,2560,3528,3,2.8,-1.1,17.2,1,Winter,2,1,False,2,True,Wednesday,1
2021-01-28,683,1984,2667,71,-0.1,-6.2,27.6,1,Winter,2,1,False,3,True,Thursday,4
2021-01-29,824,2046,2870,3,-1.9,-8.5,27.2,1,Winter,2,1,False,4,True,Friday,1
2021-01-30,1463,2535,3998,3,-1.4,-6.0,14.2,1,Winter,2,1,False,5,False,Saturday,1
2021-01-31,329,706,1035,75,-0.5,-4.8,17.9,1,Winter,2,1,False,6,False,Sunday,4
2021-02-01,227,746,973,73,-0.1,-4.9,18.9,1,Winter,2,2,False,0,True,Monday,4
2021-02-02,382,1069,1451,71,0.5,-5.1,23.7,1,Winter,2,2,False,1,True,Tuesday,4
2021-02-03,684,1792,2476,3,0.9,-5.0,26.3,1,Winter,2,2,False,2,True,Wednesday,1
2021-02-04,863,2311,3174,3,0.3,-4.5,20.8,1,Winter,2,2,False,3,True,Thursday,1
2021-02-05,1400,2849,4249,55,5.3,0.9,18.6,1,Winter,2,2,False,4,True,Friday,4
2021-02-06,2149,3263,5412,3,3.0,-1.3,22.3,1,Winter,2,2,False,5,False,Saturday,1
2021-02-07,757,1532,2289,75,2.1,-1.6,17.4,1,Winter,2,2,False,6,False,Sunday,4
2021-02-08,844,2048,2892,1,-3.9,-8.5,11.4,1,Winter,2,2,False,0,True,Monday,1
2021-02-09,920,2642,3562,3,2.8,-0.6,11.4,1,Winter,2,2,False,1,True,Tuesday,1
2021-02-10,569,1793,2362,75,1.6,-1.9,10.8,1,Winter,2,2,False,2,True,Wednesday,4
2021-02-11,566,1675,2241,75,0.7,-2.8,12.0,1,Winter,2,2,False,3,True,Thursday,4
2021-02-12,828,2201,3029,71,-1.8,-5.9,11.0,1,Winter,2,2,False,4,True,Friday,4
2021-02-13,236,649,885,73,-1.9,-6.2,12.5,1,Winter,2,2,False,5,False,Saturday,4
2021-02-14,829,1535,2364,3,0.0,-3.5,8.7,1,Winter,2,2,False,6,False,Sunday,1
2021-02-15,777,1943,2720,53,1.4,-1.9,13.7,1,Winter,2,2,True,0,False,Monday,4
2021-02-16,722,2127,2849,63,3.7,-0.0,23.5,1,Winter,2,2,False,1,True,Tuesday,4
2021-02-17,557,1392,1949,1,-1.9,-6.8,20.5,1,Winter,2,2,False,2,True,Wednesday,1
2021-02-18,217,527,744,75,-1.7,-5.9,15.1,1,Winter,2,2,False,3,True,Thursday,4
2021-02-19,524,1521,2045,73,0.0,-4.0,15.5,1,Winter,2,2,False,4,True,Friday,4
2021-02-20,796,1849,2645,3,-2.5,-8.3,23.4,1,Winter,2,2,False,5,False,Saturday,1
2021-02-21,919,2053,2972,2,-2.8,-7.1,15.9,1,Winter,2,2,False,6,False,Sunday,1
2021-02-22,334,1214,1548,73,0.7,-3.5,16.2,1,Winter,2,2,False,0,True,Monday,4
2021-02-23,957,2363,3320,51,4.2,-0.1,25.8,1,Winter,2,2,False,1,True,Tuesday,4
2021-02-24,1733,3449,5182,1,8.1,4.2,20.4,1,Winter,2,2,False,2,True,Wednesday,1
2021-02-25,1290,2891,4181,1,7.5,3.5,21.4,1,Winter,2,2,False,3,True,Thursday,1
2021-02-26,1230,2543,3773,71,4.7,0.9,12.8,1,Winter,2,2,False,4,True,Friday,4
2021-02-27,2130,2949,5079,73,6.6,4.3,12.5,1,Winter,2,2,False,5,False,Saturday,4
2021-02-28,371,768,1139,63,6.7,4.6,15.5,1,Winter,2,2,False,6,False,Sunday,4
2021-03-01,753,1750,2503,63,8.4,5.2,27.8,1,Winter,2,3,False,0,True,Monday,4
2021-03-02,1014,2459,3473,0,2.3,-2.7,20.6,1,Winter,2,3,False,1,True,Tuesday,1
2021-03-03,1615,3256,4871,0,5.2,1.3,12.6,1,Winter,2,3,False,2,True,Wednesday,1
2021-03-04,1107,2709,3816,3,6.1,1.2,24.2,1,Winter,2,3,False,3,True,Thursday,1
2021-03-05,1048,2586,3634,2,1.6,-4.3,27.8,1,Winter,2,3,False,4,True,Friday,1
2021-03-06,2323,2869,5192,3,2.1,-3.0,21.2,1,Winter,2,3,False,5,False,Saturday,1
2021-03-07,1835,2456,4291,0,1.5,-2.6,13.8,1,Winter,2,3,False,6,False,Sunday,1
2021-03-08,1183,2580,3763,1,3.2,-0.6,10.7,1,Winter,2,3,False,0,True,Monday,1
2021-03-09,2067,3397,5464,1,9.8,6.7,14.0,1,Winter,2,3,False,1,True,Tuesday,1
2021-03-10,2389,3875,6264,1,10.9,8.5,13.0,1,Winter,2,3,False,2,True,Wednesday,1
2021-03-11,2913,4166,7079,2,15.4,12.7,17.4,1,Winter,2,3,False,3,True,Thursday,1
2021-03-12,2712,3703,6415,3,15.9,13.6,15.5,1,Winter,2,3,False,4,True,Friday,1
2021-03-13,4497,3758,8255,1,9.5,5.2,20.8,1,Winter,2,3,False,5,False,Saturday,1
2021-03-14,3640,3292,6932,1,9.0,3.8,30.0,1,Winter,2,3,False,6,False,Sunday,1
2021-03-15,1249,2394,3643,3,4.1,-0.6,21.1,1,Winter,2,3,False,0,True,Monday,1
2021-03-16,1029,2430,3459,51,5.0,1.4,14.1,1,Winter,2,3,False,1,True,Tuesday,4
2021-03-17,1610,3019,4629,3,7.5,5.4,8.8,1,Winter,2,3,False,2,True,Wednesday,1
2021-03-18,558,1445,2003,63,8.9,7.0,18.9,1,Winter,2,3,False,3,True,Thursday,4
2021-03-19,1773,3018,4791,53,6.4,1.4,22.2,1,Winter,2,3,False,4,True,Friday,4
2021-03-20,4379,3875,8254,0,5.2,1.7,12.1,1,Winter,2,3,False,5,False,Saturday,1
2021-03-21,4180,3909,8089,0,8.0,5.0,10.0,2,Spring,2,3,False,6,False,Sunday,1
2021-03-22,2219,3229,5448,0,8.5,5.9,10.5,2,Spring,2,3,False,0,True,Monday,1
2021-03-23,2229,3606,5835,3,11.0,8.8,12.8,2,Spring,2,3,False,1,True,Tuesday,1
2021-03-24,522,1465,1987,63,12.7,12.2,13.1,2,Spring,2,3,False,2,True,Wednesday,4
2021-03-25,1894,3470,5364,51,15.5,15.7,11.3,2,Spring,2,3,False,3,True,Thursday,4
2021-03-26,3982,4585,8567,53,20.0,18.2,28.2,2,Spring,2,3,False,4,True,Friday,4
2021-03-27,8232,5106,13338,2,15.0,13.3,14.1,2,Spring,2,3,False,5,False,Saturday,1
2021-03-28,2028,2071,4099,63,15.5,13.9,28.5,2,Spring,2,3,False,6,False,Sunday,4
2021-03-29,2994,3785,6779,2,9.8,5.5,30.6,2,Spring,2,3,False,0,True,Monday,1
2021-03-30,4805,4746,9551,1,11.4,8.5,18.3,2,Spring,2,3,False,1,True,Tuesday,1
2021-03-31,1138,2239,3377,63,14.8,14.4,17.9,2,Spring,2,3,False,2,True,Wednesday,4
2021-04-01,1824,2670,4494,53,7.2,2.5,26.4,2,Spring,2,4,False,3,True,Thursday,4
2021-04-02,2539,2904,5443,3,3.4,-2.5,24.3,2,Spring,2,4,False,4,True,Friday,1
2021-04-03,7206,3743,10949,0,5.2,1.3,12.8,2,Spring,2,4,False,5,False,Saturday,1
2021-04-04,7441,4050,11491,2,11.4,8.2,19.3,2,Spring,2,4,False,6,False,Sunday,1
2021-04-05,3835,3833,7668,3,13.2,10.8,13.7,2,Spring,2,4,False,0,True,Monday,1
2021-04-06,3530,4407,7937,51,15.2,13.8,12.2,2,Spring,2,4,False,1,True,Tuesday,4
2021-04-07,3461,4436,7897,2,17.0,16.5,12.0,2,Spring,2,4,False,2,True,Wednesday,1
2021-04-08,3358,4433,7791,51,15.0,12.7,17.8,2,Spring,2,4,False,3,True,Thursday,4
2021-04-09,2323,3508,5831,61,13.5,12.3,15.6,2,Spring,2,4,False,4,True,Friday,4
2021-04-10,6719,4710,11429,3,15.6,15.5,12.0,2,Spring,2,4,False,5,False,Saturday,1
2021-04-11,5368,4288,9656,61,18.9,18.6,17.6,2,Spring,2,4,False,6,False,Sunday,4
2021-04-12,1794,3286,5080,51,14.8,13.8,14.4,2,Spring,2,4,False,0,True,Monday,4
2021-04-13,2300,4126,6426,51,13.2,12.0,10.1,2,Spring,2,4,False,1,True,Tuesday,4
2021-04-14,932,2183,3115,55,13.2,12.7,11.2,2,Spring,2,4,False,2,True,Wednesday,4
2021-04-15,2683,4328,7011,53,13.6,11.3,21.7,2,Spring,2,4,False,3,True,Thursday,4
2021-04-16,2443,3931,6374,51,10.3,6.1,25.4,2,Spring,2,4,True,4,False,Friday,4
2021-04-17,4909,4517,9426,3,10.4,7.7,14.3,2,Spring,2,4,False,5,False,Saturday,1
2021-04-18,4727,4209,8936,2,11.6,9.6,11.0,2,Spring,2,4,False,6,False,Sunday,1
2021-04-19,2070,3462,5532,3,12.1,10.4,9.8,2,Spring,2,4,False,0,True,Monday,1
2021-04-20,3157,4815,7972,1,15.3,13.2,17.7,2,Spring,2,4,False,1,True,Tuesday,1
2021-04-21,1643,3429,5072,51,13.1,8.9,29.6,2,Spring,2,4,False,2,True,Wednesday,4
2021-04-22,1535,3125,4660,2,6.9,1.5,26.1,2,Spring,2,4,False,3,True,Thursday,1
2021-04-23,3024,4388,7412,3,9.6,6.4,16.3,2,Spring,2,4,False,4,True,Friday,1
2021-04-24,3672,4087,7759,61,11.4,9.1,11.5,2,Spring,2,4,False,5,False,Saturday,4
2021-04-25,3365,3680,7045,63,13.2,10.8,20.7,2,Spring,2,4,False,6,False,Sunday,4
2021-04-26,2283,3945,6228,1,11.9,8.7,16.3,2,Spring,2,4,False,0,True,Monday,1
2021-04-27,3065,4798,7863,1,17.8,17.0,16.8,2,Spring,2,4,False,1,True,Tuesday,1
2021-04-28,2712,4554,7266,1,23.2,23.7,17.4,2,Spring,2,4,False,2,True,Wednesday,1
2021-04-29,2346,4302,6648,53,22.7,23.8,20.4,2,Spring,2,4,False,3,True,Thursday,4
2021-04-30,2475,3877,6352,51,16.8,12.7,36.7,2,Spring,2,4,False,4,True,Friday,4
2021-05-01,5551,4988,10539,1,12.8,8.7,27.0,2,Spring,2,5,False,5,False,Saturday,1
2021-05-02,4989,4734,9723,1,19.3,17.1,18.7,2,Spring,2,5,False,6,False,Sunday,1
2021-05-03,1952,3552,5504,61,19.9,20.3,18.6,2,Spring,2,5,False,0,True,Monday,4
2021-05-04,2144,3755,5899,53,23.0,24.7,15.5,2,Spring,2,5,False,1,True,Tuesday,4
2021-05-05,2244,4265,6509,63,20.0,20.3,23.7,2,Spring,2,5,False,2,True,Wednesday,4
2021-05-06,3082,4862,7944,3,13.8,11.2,18.9,2,Spring,2,5,False,3,True,Thursday,1
2021-05-07,2159,3470,5629,63,12.7,11.4,11.9,2,Spring,2,5,False,4,True,Friday,4
2021-05-08,4228,4271,8499,53,10.7,8.1,22.8,2,Spring,2,5,False,5,False,Saturday,4
2021-05-09,3448,3818,7266,51,12.9,10.7,17.2,2,Spring,2,5,False,6,False,Sunday,4
2021-05-10,2693,4316,7009,53,15.2,12.8,22.1,2,Spring,2,5,False,0,True,Monday,4
2021-05-11,2752,4898,7650,3,14.1,11.6,19.4,2,Spring,2,5,False,1,True,Tuesday,1
2021-05-12,2933,4862,7795,3,13.1,10.4,15.6,2,Spring,2,5,False,2,True,Wednesday,1
2021-05-13,3494,5100,8594,1,14.3,12.1,11.1,2,Spring,2,5,False,3,True,Thursday,1
2021-05-14,3984,5230,9214,1,15.2,13.7,8.9,2,Spring,2,5,False,4,True,Friday,1
2021-05-15,7273,5703,12976,2,16.6,15.2,10.4,2,Spring,2,5,False,5,False,Saturday,1
2021-05-16,4458,4312,8770,53,15.2,14.0,11.8,2,Spring,2,5,False,6,False,Sunday,4
2021-05-17,3254,4800,8054,3,17.2,16.7,7.9,2,Spring,2,5,False,0,True,Monday,1
2021-05-18,3404,5405,8809,2,18.8,18.3,12.0,2,Spring,2,5,False,1,True,Tuesday,1
2021-05-19,3541,5463,9004,1,21.4,21.4,11.1,2,Spring,2,5,False,2,True,Wednesday,1
2021-05-20,3512,5236,8748,2,22.8,22.3,14.8,2,Spring,2,5,False,3,True,Thursday,1
2021-05-21,4739,5640,10379,1,21.3,21.2,9.4,2,Spring,2,5,False,4,True,Friday,1
2021-05-22,6750,5663,12413,2,24.3,23.7,15.5,2,Spring,2,5,False,5,False,Saturday,1
2021-05-23,5314,4757,10071,2,26.8,26.9,18.6,2,Spring,2,5,False,6,False,Sunday,1
2021-05-24,1486,2515,4001,53,20.2,20.5,13.6,2,Spring,2,5,False,0,True,Monday,4
2021-05-25,3373,5317,8690,3,20.0,20.6,11.3,2,Spring,2,5,False,1,True,Tuesday,1
2021-05-26,2584,4419,7003,51,26.5,28.6,11.8,2,Spring,2,5,False,2,True,Wednesday,4
2021-05-27,3595,5220,8815,1,24.9,25.8,13.0,2,Spring,2,5,False,3,True,Thursday,1
2021-05-28,2977,3822,6799,63,21.8,22.3,16.8,2,Spring,2,5,False,4,True,Friday,4
2021-05-29,1574,2003,3577,63,12.5,10.8,18.2,2,Spring,2,5,False,5,False,Saturday,4
2021-05-30,4061,2994,7055,61,11.1,9.0,17.0,2,Spring,2,5,False,6,False,Sunday,4
2021-05-31,6482,4757,11239,2,16.0,15.3,13.9,2,Spring,2,5,True,0,False,Monday,1
2021-06-01,3145,4816,7961,3,18.8,18.8,11.3,2,Spring,2,6,False,1,True,Tuesday,1
2021-06-02,3289,5152,8441,3,20.5,20.9,15.5,2,Spring,2,6,False,2,True,Wednesday,1
2021-06-03,2774,4310,7084,63,22.1,24.2,14.3,2,Spring,2,6,False,3,True,Thursday,4
2021-06-04,4061,5393,9454,61,23.5,26.4,14.0,2,Spring,2,6,False,4,True,Friday,4
2021-06-05,6287,5458,11745,1,24.9,26.4,11.9,2,Spring,2,6,False,5,False,Saturday,1
2021-06-06,4469,4593,9062,1,26.5,28.7,11.6,2,Spring,2,6,False,6,False,Sunday,1
2021-06-07,2852,4687,7539,63,27.3,31.0,11.9,2,Spring,2,6,False,0,True,Monday,4
2021-06-08,2905,5063,7968,63,26.7,31.2,10.0,2,Spring,2,6,False,1,True,Tuesday,4
2021-06-09,3142,5152,8294,61,25.3,29.7,7.7,2,Spring,2,6,False,2,True,Wednesday,4
2021-06-10,2002,3449,5451,63,24.8,29.0,14.4,2,Spring,2,6,False,3,True,Thursday,4
2021-06-11,1552,2729,4281,63,20.3,21.9,19.8,2,Spring,2,6,False,4,True,Friday,4
2021-06-12,6967,6092,13059,51,20.5,22.3,13.0,2,Spring,2,6,False,5,False,Saturday,4
2021-06-13,5627,4644,10271,51,22.6,24.7,11.3,2,Spring,2,6,False,6,False,Sunday,4
2021-06-14,3534,4800,8334,61,24.3,27.0,10.2,2,Spring,2,6,False,0,True,Monday,4
2021-06-15,3924,5589,9513,53,22.2,23.1,13.6,2,Spring,2,6,False,1,True,Tuesday,4
2021-06-16,4008,5922,9930,1,21.4,20.7,13.6,2,Spring,2,6,False,2,True,Wednesday,1
2021-06-17,4396,5905,10301,2,20.4,19.5,13.1,2,Spring,2,6,False,3,True,Thursday,1
2021-06-18,5873,5905,11778,2,22.4,22.3,12.8,2,Spring,2,6,True,4,False,Friday,1
2021-06-19,6754,5411,12165,63,25.2,27.5,15.0,2,Spring,2,6,False,5,False,Saturday,4
2021-06-20,5469,4730,10199,51,26.6,30.1,10.8,2,Spring,2,6,False,6,False,Sunday,4
2021-06-21,2934,4502,7436,53,27.4,31.5,12.1,3,Summer,2,6,False,0,True,Monday,4
2021-06-22,2331,4255,6586,61,21.2,23.0,17.1,3,Summer,2,6,False,1,True,Tuesday,4
2021-06-23,4429,6343,10772,2,18.9,18.3,10.7,3,Summer,2,6,False,2,True,Wednesday,1
2021-06-24,4493,6153,10646,3,20.4,20.6,11.3,3,Summer,2,6,False,3,True,Thursday,1
2021-06-25,5024,5553,10577,2,21.5,22.6,12.0,3,Summer,2,6,False,4,True,Friday,1
2021-06-26,6646,5271,11917,53,24.7,27.6,18.3,3,Summer,2,6,False,5,False,Saturday,4
2021-06-27,5160,4661,9821,51,26.8,30.0,14.5,3,Summer,2,6,False,6,False,Sunday,4
2021-06-28,3393,4821,8214,51,28.2,31.5,13.8,3,Summer,2,6,False,0,True,Monday,4
2021-06-29,3222,5304,8526,1,29.3,32.7,11.9,3,Summer,2,6,False,1,True,Tuesday,1
2021-06-30,3102,4953,8055,51,30.0,32.9,14.3,3,Summer,2,6,False,2,True,Wednesday,4
2021-07-01,2780,4450,7230,65,26.3,30.8,12.1,3,Summer,2,7,False,3,True,Thursday,4
2021-07-02,4794,5293,10087,63,23.0,24.5,14.5,3,Summer,2,7,False,4,True,Friday,4
2021-07-03,7847,5296,13143,51,21.4,21.4,14.6,3,Summer,2,7,False,5,False,Saturday,4
2021-07-04,11815,5068,16883,2,22.8,24.3,10.2,3,Summer,2,7,False,6,False,Sunday,1
2021-07-05,6643,4618,11261,2,25.8,28.2,11.6,3,Summer,2,7,True,0,False,Monday,1
2021-07-06,3671,5098,8769,1,27.9,31.3,13.1,3,Summer,2,7,False,1,True,Tuesday,1
2021-07-07,3336,5410,8746,61,28.6,32.8,11.9,3,Summer,2,7,False,2,True,Wednesday,4
2021-07-08,2633,4455,7088,63,26.2,29.6,17.4,3,Summer,2,7,False,3,True,Thursday,4
2021-07-09,3649,4818,8467,65,25.5,28.9,18.9,3,Summer,2,7,False,4,True,Friday,4
2021-07-10,7498,5981,13479,3,24.7,26.4,14.2,3,Summer,2,7,False,5,False,Saturday,1
2021-07-11,5668,5036,10704,61,25.9,29.6,16.2,3,Summer,2,7,False,6,False,Sunday,4
2021-07-12,3513,5145,8658,53,28.4,33.1,14.2,3,Summer,2,7,False,0,True,Monday,4
2021-07-13,3488,5642,9130,2,29.1,32.9,17.2,3,Summer,2,7,False,1,True,Tuesday,1
2021-07-14,3428,5527,8955,63,27.6,31.2,13.3,3,Summer,2,7,False,2,True,Wednesday,4
2021-07-15,4178,5799,9977,51,27.1,31.4,10.0,3,Summer,2,7,False,3,True,Thursday,4
2021-07-16,4723,5666,10389,1,28.7,32.6,10.3,3,Summer,2,7,False,4,True,Friday,1
2021-07-17,6108,5033,11141,63,28.2,33.0,13.4,3,Summer,2,7,False,5,False,Saturday,4
2021-07-18,6297,5117,11414,3,25.5,27.3,19.3,3,Summer,2,7,False,6,False,Sunday,1
2021-07-19,3804,5352,9156,2,25.9,27.9,10.5,3,Summer,2,7,False,0,True,Monday,1
2021-07-20,3663,5877,9540,1,26.9,30.0,9.0,3,Summer,2,7,False,1,True,Tuesday,1
2021-07-21,3826,5720,9546,53,27.1,29.2,13.6,3,Summer,2,7,False,2,True,Wednesday,4
2021-07-22,4060,5854,9914,1,24.3,24.8,11.9,3,Summer,2,7,False,3,True,Thursday,1
2021-07-23,4847,5772,10619,2,24.0,24.8,8.3,3,Summer,2,7,False,4,True,Friday,1
2021-07-24,6440,5177,11617,51,25.1,26.8,14.6,3,Summer,2,7,False,5,False,Saturday,4
2021-07-25,5212,4660,9872,51,28.0,30.4,15.6,3,Summer,2,7,False,6,False,Sunday,4
2021-07-26,2860,4771,7631,51,28.5,32.2,9.2,3,Summer,2,7,False,0,True,Monday,4
2021-07-27,3210,5443,8653,1,28.4,32.6,5.7,3,Summer,2,7,False,1,True,Tuesday,1
2021-07-28,3334,5645,8979,1,28.1,30.1,12.1,3,Summer,2,7,False,2,True,Wednesday,1
2021-07-29,3537,5409,8946,51,28.1,31.5,10.5,3,Summer,2,7,False,3,True,Thursday,4
2021-07-30,4393,5687,10080,51,27.9,29.2,15.0,3,Summer,2,7,False,4,True,Friday,4
2021-07-31,6902,5450,12352,3,24.5,25.0,12.1,3,Summer,2,7,False,5,False,Saturday,1
2021-08-01,3593,3584,7177,61,23.7,26.6,10.5,3,Summer,2,8,False,6,False,Sunday,4
2021-08-02,4055,5455,9510,2,22.8,23.6,13.4,3,Summer,2,8,False,0,True,Monday,1
2021-08-03,3985,5864,9849,2,23.1,24.4,10.0,3,Summer,2,8,False,1,True,Tuesday,1
2021-08-04,4183,5815,9998,3,22.5,23.6,15.0,3,Summer,2,8,False,2,True,Wednesday,1
2021-08-05,4294,5870,10164,2,24.3,26.1,7.0,3,Summer,2,8,False,3,True,Thursday,1
2021-08-06,4587,5461,10048,2,26.0,27.6,13.8,3,Summer,2,8,False,4,True,Friday,1
2021-08-07,4247,3885,8132,53,22.7,25.0,9.0,3,Summer,2,8,False,5,False,Saturday,4
2021-08-08,6262,4735,10997,1,24.8,27.4,11.4,3,Summer,2,8,False,6,False,Sunday,1
2021-08-09,3201,4619,7820,63,26.0,30.1,13.5,3,Summer,2,8,False,0,True,Monday,4
2021-08-10,2553,4393,6946,53,28.1,32.3,12.9,3,Summer,2,8,False,1,True,Tuesday,4
2021-08-11,2647,4687,7334,61,28.9,34.1,8.6,3,Summer,2,8,False,2,True,Wednesday,4
2021-08-12,3481,4959,8440,1,30.1,34.5,12.2,3,Summer,2,8,False,3,True,Thursday,1
2021-08-13,2963,4097,7060,63,29.6,34.7,10.7,3,Summer,2,8,False,4,True,Friday,4
2021-08-14,5319,4819,10138,63,27.2,32.2,10.2,3,Summer,2,8,False,5,False,Saturday,4
2021-08-15,5022,4487,9509,63,24.2,27.1,12.2,3,Summer,2,8,False,6,False,Sunday,4
2021-08-16,2006,3291,5297,61,24.1,28.2,8.5,3,Summer,2,8,False,0,True,Monday,4
2021-08-17,3080,4982,8062,53,25.7,30.4,10.5,3,Summer,2,8,False,1,True,Tuesday,4
2021-08-18,2995,5211,8206,61,26.2,30.7,17.8,3,Summer,2,8,False,2,True,Wednesday,4
2021-08-19,3423,5142,8565,51,27.3,31.2,11.9,3,Summer,2,8,False,3,True,Thursday,4
2021-08-20,3248,4114,7362,63,24.5,28.7,9.9,3,Summer,2,8,False,4,True,Friday,4
2021-08-21,5240,5102,10342,63,24.7,29.3,7.7,3,Summer,2,8,False,5,False,Saturday,4
2021-08-22,4921,4694,9615,51,24.5,28.8,9.4,3,Summer,2,8,False,6,False,Sunday,4
2021-08-23,3268,5258,8526,53,26.8,30.8,11.6,3,Summer,2,8,False,0,True,Monday,4
2021-08-24,3122,5834,8956,1,28.2,32.3,11.7,3,Summer,2,8,False,1,True,Tuesday,1
2021-08-25,2873,5712,8585,51,28.4,33.8,8.3,3,Summer,2,8,False,2,True,Wednesday,4
2021-08-26,2810,5205,8015,63,27.6,33.6,9.2,3,Summer,2,8,False,3,True,Thursday,4
2021-08-27,3245,5222,8467,63,27.5,33.4,8.6,3,Summer,2,8,False,4,True,Friday,4
2021-08-28,5928,5818,11746,51,26.6,31.8,12.4,3,Summer,2,8,False,5,False,Saturday,4
2021-08-29,4526,5063,9589,3,25.3,29.4,11.0,3,Summer,2,8,False,6,False,Sunday,1
2021-08-30,2821,5727,8548,61,26.3,31.4,9.6,3,Summer,2,8,False,0,True,Monday,4
2021-08-31,2727,6264,8991,53,25.2,29.9,8.9,3,Summer,2,8,False,1,True,Tuesday,4
2021-09-01,1416,3861,5277,63,23.3,26.5,27.5,3,Summer,2,9,False,2,True,Wednesday,4
2021-09-02,3975,6994,10969,1,21.1,20.1,21.1,3,Summer,2,9,False,3,True,Thursday,1
2021-09-03,4932,6765,11697,3,20.0,19.8,13.1,3,Summer,2,9,False,4,True,Friday,1
2021-09-04,7225,5422,12647,2,21.0,22.2,11.0,3,Summer,2,9,False,5,False,Saturday,1
2021-09-05,5864,4247,10111,61,22.2,24.2,11.2,3,Summer,2,9,False,6,False,Sunday,4
2021-09-06,5935,5338,11273,55,23.9,25.5,16.7,3,Summer,2,9,True,0,False,Monday,4
2021-09-07,3334,6269,9603,1,23.6,24.8,12.6,3,Summer,2,9,False,1,True,Tuesday,1
2021-09-08,3221,6713,9934,51,24.8,26.9,14.7,3,Summer,2,9,False,2,True,Wednesday,4
2021-09-09,3174,6574,9748,61,21.9,23.9,13.0,3,Summer,2,9,False,3,True,Thursday,4
2021-09-10,4517,7150,11667,2,20.1,19.3,18.4,3,Summer,2,9,False,4,True,Friday,1
2021-09-11,6455,6589,13044,3,20.1,20.2,13.3,3,Summer,2,9,False,5,False,Saturday,1
2021-09-12,5408,5859,11267,1,24.0,24.8,15.1,3,Summer,2,9,False,6,False,Sunday,1
2021-09-13,2994,6154,9148,2,26.0,28.8,13.7,3,Summer,2,9,False,0,True,Monday,1
2021-09-14,3145,6732,9877,51,26.2,29.9,11.7,3,Summer,2,9,False,1,True,Tuesday,4
2021-09-15,3254,6914,10168,51,26.7,29.0,16.9,3,Summer,2,9,False,2,True,Wednesday,4
2021-09-16,2061,4371,6432,63,24.1,27.7,9.7,3,Summer,2,9,False,3,True,Thursday,4
2021-09-17,3849,6201,10050,55,23.6,27.3,10.7,3,Summer,2,9,False,4,True,Friday,4
2021-09-18,6077,6509,12586,51,24.3,28.4,5.6,3,Summer,2,9,False,5,False,Saturday,4
2021-09-19,5513,5883,11396,3,23.4,24.9,10.7,3,Summer,2,9,False,6,False,Sunday,1
2021-09-20,3324,6519,9843,2,21.0,21.7,13.1,3,Summer,2,9,False,0,True,Monday,1
2021-09-21,3136,7114,10250,51,22.4,23.7,14.0,4,Autumn,2,9,False,1,True,Tuesday,4
2021-09-22,1498,4634,6132,63,23.0,25.5,23.1,4,Autumn,2,9,False,2,True,Wednesday,4
2021-09-23,2715,5826,8541,63,21.3,22.0,21.1,4,Autumn,2,9,False,3,True,Thursday,4
2021-09-24,4529,7369,11898,3,18.5,17.8,11.0,4,Autumn,2,9,False,4,True,Friday,1
2021-09-25,7046,6768,13814,1,18.8,19.0,7.9,4,Autumn,2,9,False,5,False,Saturday,1
2021-09-26,5571,6008,11579,0,18.5,17.2,16.5,4,Autumn,2,9,False,6,False,Sunday,1
2021-09-27,2940,6632,9572,1,19.5,18.5,15.3,4,Autumn,2,9,False,0,True,Monday,1
2021-09-28,2812,6790,9602,61,21.0,21.6,15.5,4,Autumn,2,9,False,1,True,Tuesday,4
2021-09-29,3294,7140,10434,1,18.1,17.6,12.0,4,Autumn,2,9,False,2,True,Wednesday,1
2021-09-30,3455,7183,10638,3,17.3,16.4,10.9,4,Autumn,2,9,False,3,True,Thursday,1
2021-10-01,4688,7144,11832,3,16.6,16.3,7.6,4,Autumn,2,10,False,4,True,Friday,1
2021-10-02,7475,7046,14521,1,18.7,19.4,8.7,4,Autumn,2,10,False,5,False,Saturday,1
2021-10-03,5970,6065,12035,3,22.0,23.6,12.5,4,Autumn,2,10,False,6,False,Sunday,1
2021-10-04,3039,6087,9126,63,22.9,25.1,11.8,4,Autumn,2,10,False,0,True,Monday,4
2021-10-05,2875,6451,9326,61,20.9,23.6,13.6,4,Autumn,2,10,False,1,True,Tuesday,4
2021-10-06,2750,6412,9162,51,20.3,22.4,12.1,4,Autumn,2,10,False,2,True,Wednesday,4
2021-10-07,3560,7146,10706,3,20.6,22.3,8.3,4,Autumn,2,10,False,3,True,Thursday,1
2021-10-08,4638,6551,11189,3,20.6,22.5,7.0,4,Autumn,2,10,False,4,True,Friday,1
2021-10-09,7010,6047,13057,3,20.2,20.6,16.2,4,Autumn,2,10,False,5,False,Saturday,1
2021-10-10,5471,5004,10475,51,20.2,20.9,16.4,4,Autumn,2,10,False,6,False,Sunday,4
2021-10-11,3815,5611,9426,3,19.7,20.2,12.4,4,Autumn,2,10,True,0,False,Monday,1
2021-10-12,2819,6026,8845,51,19.7,21.3,7.8,4,Autumn,2,10,False,1,True,Tuesday,4
2021-10-13,3493,7249,10742,51,20.3,22.7,6.1,4,Autumn,2,10,False,2,True,Wednesday,4
2021-10-14,4099,7366,11465,3,21.4,22.7,10.4,4,Autumn,2,10,False,3,True,Thursday,1
2021-10-15,5402,7027,12429,3,22.0,23.6,11.3,4,Autumn,2,10,False,4,True,Friday,1
2021-10-16,4855,4903,9758,63,20.0,19.9,21.4,4,Autumn,2,10,False,5,False,Saturday,4
2021-10-17,4995,5415,10410,3,14.6,11.0,24.6,4,Autumn,2,10,False,6,False,Sunday,1
2021-10-18,3071,6198,9269,1,14.1,10.7,23.6,4,Autumn,2,10,False,0,True,Monday,1
2021-10-19,3408,7111,10519,0,14.6,12.2,14.5,4,Autumn,2,10,False,1,True,Tuesday,1
2021-10-20,3491,7253,10744,1,17.6,15.8,13.2,4,Autumn,2,10,False,2,True,Wednesday,1
2021-10-21,4136,7359,11495,1,17.7,16.8,19.9,4,Autumn,2,10,False,3,True,Thursday,1
2021-10-22,5212,6971,12183,3,18.2,16.8,19.2,4,Autumn,2,10,False,4,True,Friday,1
2021-10-23,6501,6126,12627,3,15.4,14.0,15.0,4,Autumn,2,10,False,5,False,Saturday,1
2021-10-24,5265,5559,10824,3,15.7,14.5,13.6,4,Autumn,2,10,False,6,False,Sunday,1
2021-10-25,2325,5240,7565,63,19.7,19.9,16.5,4,Autumn,2,10,False,0,True,Monday,4
2021-10-26,2148,7168,9316,63,15.2,12.8,30.4,4,Autumn,2,10,False,1,True,Tuesday,4
2021-10-27,2717,8561,11278,3,15.2,12.5,31.8,4,Autumn,2,10,False,2,True,Wednesday,1
2021-10-28,2859,8312,11171,3,14.7,13.6,14.7,4,Autumn,2,10,False,3,True,Thursday,1
2021-10-29,939,2747,3686,63,15.0,13.6,29.6,4,Autumn,2,10,False,4,True,Friday,4
2021-10-30,4584,7570,12154,53,15.0,14.3,14.4,4,Autumn,2,10,False,5,False,Saturday,4
2021-10-31,4093,6872,10965,51,14.3,12.6,19.7,4,Autumn,2,10,False,6,False,Sunday,4
2021-11-01,2470,6908,9378,2,12.1,9.6,16.8,4,Autumn,2,11,False,0,True,Monday,1
2021-11-02,1161,4995,6156,53,8.2,6.3,10.0,4,Autumn,2,11,False,1,True,Tuesday,4
2021-11-03,1952,7079,9031,1,6.8,3.4,14.5,4,Autumn,2,11,False,2,True,Wednesday,1
2021-11-04,2150,6985,9135,2,6.7,3.8,7.6,4,Autumn,2,11,False,3,True,Thursday,1
2021-11-05,2923,6737,9660,1,6.3,3.0,11.8,4,Autumn,2,11,False,4,True,Friday,1
2021-11-06,4118,6894,11012,3,6.9,3.8,12.0,4,Autumn,2,11,False,5,False,Saturday,1
2021-11-07,3194,6520,9714,1,8.3,5.1,12.4,4,Autumn,2,11,False,6,False,Sunday,1
2021-11-08,2163,7126,9289,0,11.5,8.7,14.0,4,Autumn,2,11,False,0,True,Monday,1
2021-11-09,2561,7979,10540,0,12.8,11.0,9.7,4,Autumn,2,11,False,1,True,Tuesday,1
2021-11-10,2714,8577,11291,3,14.1,12.5,12.0,4,Autumn,2,11,False,2,True,Wednesday,1
2021-11-11,3413,8134,11547,2,14.2,12.7,16.8,4,Autumn,2,11,True,3,False,Thursday,1
2021-11-12,3397,6710,10107,63,15.0,13.5,20.5,4,Autumn,2,11,False,4,True,Friday,4
2021-11-13,4025,6233,10258,51,8.6,5.0,28.6,4,Autumn,2,11,False,5,False,Saturday,4
2021-11-14,2476,5119,7595,3,5.9,2.0,15.3,4,Autumn,2,11,False,6,False,Sunday,1
2021-11-15,1514,5505,7019,51,6.7,2.1,28.5,4,Autumn,2,11,False,0,True,Monday,4
2021-11-16,1774,6705,8479,2,6.0,2.9,9.5,4,Autumn,2,11,False,1,True,Tuesday,1
2021-11-17,2119,7386,9505,2,9.6,7.5,14.1,4,Autumn,2,11,False,2,True,Wednesday,1
2021-11-18,2394,7094,9488,55,14.6,12.3,20.9,4,Autumn,2,11,False,3,True,Thursday,4
2021-11-19,1855,5973,7828,51,6.1,1.0,21.8,4,Autumn,2,11,False,4,True,Friday,4
2021-11-20,2589,5412,8001,2,3.8,0.5,10.0,4,Autumn,2,11,False,5,False,Saturday,1
2021-11-21,2407,4664,7071,3,7.0,4.1,12.9,4,Autumn,2,11,False,6,False,Sunday,1
2021-11-22,1776,5021,6797,53,8.2,4.6,19.6,4,Autumn,2,11,False,0,True,Monday,4
2021-11-23,1536,4520,6056,2,3.0,-2.2,20.8,4,Autumn,2,11,False,1,True,Tuesday,1
2021-11-24,1759,3934,5693,1,2.7,-1.2,11.3,4,Autumn,2,11,False,2,True,Wednesday,1
2021-11-25,1904,2359,4263,3,5.8,2.6,9.5,4,Autumn,2,11,True,3,False,Thursday,1
2021-11-26,1446,2373,3819,61,5.8,0.9,29.1,4,Autumn,2,11,False,4,True,Friday,4
2021-11-27,1719,2958,4677,2,2.7,-2.2,19.2,4,Autumn,2,11,False,5,False,Saturday,1
2021-11-28,2193,3866,6059,2,6.8,3.6,9.0,4,Autumn,2,11,False,6,False,Sunday,1
2021-11-29,1288,4458,5746,3,4.4,-0.4,23.3,4,Autumn,2,11,False,0,True,Monday,1
2021-11-30,1468,5375,6843,3,3.7,0.1,13.5,4,Autumn,2,11,False,1,True,Tuesday,1
2021-12-01,1883,5904,7787,51,6.1,2.9,12.0,4,Autumn,2,12,False,2,True,Wednesday,4
2021-12-02,2518,6381,8899,51,11.7,8.6,20.7,4,Autumn,2,12,False,3,True,Thursday,4
2021-12-03,2549,5958,8507,1,9.1,5.6,15.8,4,Autumn,2,12,False,4,True,Friday,1
2021-12-04,4155,5943,10098,2,8.0,5.2,10.7,4,Autumn,2,12,False,5,False,Saturday,1
2021-12-05,2649,4411,7060,3,6.0,2.5,11.0,4,Autumn,2,12,False,6,False,Sunday,1
2021-12-06,1866,5310,7176,55,12.2,9.2,29.8,4,Autumn,2,12,False,0,True,Monday,4
2021-12-07,1540,5022,6562,2,3.4,-1.0,23.8,4,Autumn,2,12,False,1,True,Tuesday,1
2021-12-08,1572,4681,6253,73,2.9,-0.6,15.8,4,Autumn,2,12,False,2,True,Wednesday,4
2021-12-09,1710,4899,6609,3,1.9,-2.0,13.5,4,Autumn,2,12,False,3,True,Thursday,1
2021-12-10,2649,5454,8103,51,6.0,3.0,13.6,4,Autumn,2,12,False,4,True,Friday,4
2021-12-11,3256,4624,7880,63,14.0,11.8,27.7,4,Autumn,2,12,False,5,False,Saturday,4
2021-12-12,2556,4258,6814,3,6.2,1.3,29.7,4,Autumn,2,12,False,6,False,Sunday,1
2021-12-13,1754,4556,6310,1,4.2,0.6,9.9,4,Autumn,2,12,False,0,True,Monday,1
2021-12-14,2079,5294,7373,1,5.7,2.1,11.5,4,Autumn,2,12,False,1,True,Tuesday,1
2021-12-15,1979,5146,7125,2,6.7,4.2,9.8,4,Autumn,2,12,False,2,True,Wednesday,1
2021-12-16,2571,5553,8124,1,11.8,8.5,20.0,4,Autumn,2,12,False,3,True,Thursday,1
2021-12-17,2481,5308,7789,3,13.1,10.4,19.6,4,Autumn,2,12,False,4,True,Friday,1
2021-12-18,2717,4030,6747,61,10.1,7.9,12.3,4,Autumn,2,12,False,5,False,Saturday,4
2021-12-19,1769,3001,4770,51,7.2,3.0,23.5,4,Autumn,2,12,False,6,False,Sunday,4
2021-12-20,1360,3316,4676,0,0.9,-3.0,12.2,4,Autumn,2,12,False,0,True,Monday,1
2021-12-21,1210,3061,4271,51,1.5,-1.9,8.5,4,Autumn,2,12,False,1,True,Tuesday,4
2021-12-22,1293,2958,4251,51,3.6,-0.7,24.6,1,Winter,2,12,False,2,True,Wednesday,4
2021-12-23,1189,2471,3660,2,0.8,-3.5,13.8,1,Winter,2,12,False,3,True,Thursday,1
2021-12-24,1310,2006,3316,3,7.2,3.4,18.3,1,Winter,2,12,True,4,False,Friday,1
2021-12-25,1876,1308,3184,61,12.7,10.4,17.5,1,Winter,2,12,False,5,False,Saturday,4
2021-12-26,2436,2070,4506,3,11.1,8.3,16.7,1,Winter,2,12,False,6,False,Sunday,1
2021-12-27,1189,1933,3122,53,3.9,0.8,13.1,1,Winter,2,12,False,0,True,Monday,4
2021-12-28,2387,2605,4992,51,7.9,5.1,14.3,1,Winter,2,12,False,1,True,Tuesday,4
2021-12-29,1974,2497,4471,61,9.8,8.0,11.3,1,Winter,2,12,False,2,True,Wednesday,4
2021-12-30,2074,2651,4725,61,9.1,8.2,8.3,1,Winter,2,12,False,3,True,Thursday,4
2021-12-31,2743,2944,5687,53,11.7,10.7,13.0,1,Winter,2,12,False,4,True,Friday,4
2022-01-01,1788,1664,3452,63,14.1,14.4,13.7,1,Winter,3,1,True,5,False,Saturday,4
2022-01-02,2389,3030,5419,61,14.6,13.6,20.0,1,Winter,3,1,False,6,False,Sunday,4
2022-01-03,174,323,497,75,0.5,-4.4,22.3,1,Winter,3,1,False,0,True,Monday,4
2022-01-04,369,888,1257,3,-3.8,-8.0,12.0,1,Winter,3,1,False,1,True,Tuesday,1
2022-01-05,610,1655,2265,3,1.0,-3.1,15.8,1,Winter,3,1,False,2,True,Wednesday,1
2022-01-06,1055,2692,3747,3,1.6,-2.3,13.5,1,Winter,3,1,False,3,True,Thursday,1
2022-01-07,651,1584,2235,75,-1.9,-7.3,22.7,1,Winter,3,1,False,4,True,Friday,4
2022-01-08,1024,2294,3318,0,-4.8,-9.4,14.4,1,Winter,3,1,False,5,False,Saturday,1
2022-01-09,462,1302,1764,61,2.0,-2.2,17.1,1,Winter,3,1,False,6,False,Sunday,4
2022-01-10,1014,2848,3862,2,0.1,-5.5,22.4,1,Winter,3,1,False,0,True,Monday,1
2022-01-11,784,2553,3337,3,-3.9,-9.2,20.5,1,Winter,3,1,False,1,True,Tuesday,1
2022-01-12,1175,3276,4451,1,-1.5,-6.4,16.4,1,Winter,3,1,False,2,True,Wednesday,1
2022-01-13,1424,3578,5002,3,2.6,-0.6,12.2,1,Winter,3,1,False,3,True,Thursday,1
2022-01-14,1505,3504,5009,3,3.4,-0.7,18.4,1,Winter,3,1,False,4,True,Friday,1
2022-01-15,1102,2398,3500,3,-2.3,-7.8,17.4,1,Winter,3,1,False,5,False,Saturday,1
2022-01-16,412,1201,1613,75,-3.2,-8.3,30.3,1,Winter,3,1,False,6,False,Sunday,4
2022-01-17,643,1940,2583,73,2.4,-3.2,29.7,1,Winter,3,1,True,0,False,Monday,4
2022-01-18,922,3206,4128,3,0.1,-5.1,23.6,1,Winter,3,1,False,1,True,Tuesday,1
2022-01-19,1271,3902,5173,3,3.0,-1.5,18.3,1,Winter,3,1,False,2,True,Wednesday,1
2022-01-20,845,2444,3289,73,2.1,-1.8,15.7,1,Winter,3,1,False,3,True,Thursday,4
2022-01-21,881,2778,3659,3,-3.8,-9.3,16.6,1,Winter,3,1,False,4,True,Friday,1
2022-01-22,1345,2804,4149,3,-3.8,-8.6,12.6,1,Winter,3,1,False,5,False,Saturday,1
2022-01-23,1294,2674,3968,2,-1.0,-5.4,10.3,1,Winter,3,1,False,6,False,Sunday,1
2022-01-24,1061,3377,4438,3,0.4,-3.8,15.6,1,Winter,3,1,False,0,True,Monday,1
2022-01-25,1208,3768,4976,3,2.5,-1.6,15.1,1,Winter,3,1,False,1,True,Tuesday,1
2022-01-26,1054,3223,4277,1,-2.0,-7.1,13.4,1,Winter,3,1,False,2,True,Wednesday,1
2022-01-27,1067,3534,4601,3,-2.0,-6.3,10.2,1,Winter,3,1,False,3,True,Thursday,1
2022-01-28,776,2806,3582,73,0.1,-3.6,13.8,1,Winter,3,1,False,4,True,Friday,4
2022-01-29,743,1978,2721,71,-4.0,-10.6,26.0,1,Winter,3,1,False,5,False,Saturday,4
2022-01-30,859,2220,3079,2,-4.1,-9.1,19.6,1,Winter,3,1,False,6,False,Sunday,1
2022-01-31,871,3397,4268,3,-1.7,-6.0,11.1,1,Winter,3,1,False,0,True,Monday,1
2022-02-01,1146,4028,5174,1,-0.6,-4.5,10.9,1,Winter,3,2,False,1,True,Tuesday,1
2022-02-02,1439,4368,5807,3,2.5,-0.4,11.7,1,Winter,3,2,False,2,True,Wednesday,1
2022-02-03,768,2449,3217,63,7.7,5.5,21.6,1,Winter,3,2,False,3,True,Thursday,4
2022-02-04,637,1904,2541,63,7.6,4.3,27.5,1,Winter,3,2,False,4,True,Friday,4
2022-02-05,1315,3126,4441,3,-1.1,-6.8,24.0,1,Winter,3,2,False,5,False,Saturday,1
2022-02-06,1236,2970,4206,3,-1.8,-6.1,10.2,1,Winter,3,2,False,6,False,Sunday,1
2022-02-07,768,3238,4006,55,1.6,-1.4,7.4,1,Winter,3,2,False,0,True,Monday,4
2022-02-08,1220,4281,5501,1,2.1,-2.0,16.7,1,Winter,3,2,False,1,True,Tuesday,1
2022-02-09,1565,4805,6370,0,3.9,0.2,14.6,1,Winter,3,2,False,2,True,Wednesday,1
2022-02-10,1936,4800,6736,53,7.1,3.1,25.1,1,Winter,3,2,False,3,True,Thursday,4
2022-02-11,2706,5168,7874,0,8.7,4.8,21.4,1,Winter,3,2,False,4,True,Friday,1
2022-02-12,3869,4791,8660,3,10.8,7.1,21.1,1,Winter,3,2,False,5,False,Saturday,1
2022-02-13,871,2040,2911,73,1.3,-2.8,14.0,1,Winter,3,2,False,6,False,Sunday,4
2022-02-14,860,3223,4083,3,-2.4,-7.5,16.3,1,Winter,3,2,False,0,True,Monday,1
2022-02-15,1242,3788,5030,0,-1.2,-5.4,12.0,1,Winter,3,2,False,1,True,Tuesday,1
2022-02-16,1569,4614,6183,3,3.2,-0.9,16.2,1,Winter,3,2,False,2,True,Wednesday,1
2022-02-17,1998,5301,7299,55,13.3,9.7,23.9,1,Winter,3,2,False,3,True,Thursday,4
2022-02-18,1580,3880,5460,61,8.6,3.8,32.4,1,Winter,3,2,False,4,True,Friday,4
2022-02-19,1886,3170,5056,3,1.0,-4.5,31.9,1,Winter,3,2,False,5,False,Saturday,1
2022-02-20,1968,2887,4855,0,-0.0,-4.7,15.8,1,Winter,3,2,False,6,False,Sunday,1
2022-02-21,3509,4457,7966,1,6.6,2.9,14.7,1,Winter,3,2,True,0,False,Monday,1
2022-02-22,1366,3773,5139,61,12.9,10.7,27.9,1,Winter,3,2,False,1,True,Tuesday,4
2022-02-23,2591,5477,8068,51,15.9,13.3,23.6,1,Winter,3,2,False,2,True,Wednesday,4
2022-02-24,761,2669,3430,51,2.7,-1.5,15.7,1,Winter,3,2,False,3,True,Thursday,4
2022-02-25,1697,3956,5653,61,4.9,0.9,26.9,1,Winter,3,2,False,4,True,Friday,4
2022-02-26,2562,3744,6306,3,2.7,-1.4,15.3,1,Winter,3,2,False,5,False,Saturday,1
2022-02-27,2704,3861,6565,1,4.9,0.6,19.8,1,Winter,3,2,False,6,False,Sunday,1
2022-02-28,1480,4300,5780,1,3.9,-0.2,12.8,1,Winter,3,2,False,0,True,Monday,1
2022-03-01,1882,5046,6928,3,6.1,2.5,14.7,1,Winter,3,3,False,1,True,Tuesday,1
2022-03-02,2506,5382,7888,2,8.9,6.1,16.2,1,Winter,3,3,False,2,True,Wednesday,1
2022-03-03,2075,4980,7055,3,8.0,3.7,19.1,1,Winter,3,3,False,3,True,Thursday,1
2022-03-04,2194,4523,6717,1,2.2,-1.8,15.5,1,Winter,3,3,False,4,True,Friday,1
2022-03-05,4619,5073,9692,2,7.1,4.0,15.9,1,Winter,3,3,False,5,False,Saturday,1
2022-03-06,4606,4734,9340,55,16.5,15.0,23.5,1,Winter,3,3,False,6,False,Sunday,4
2022-03-07,2251,4399,6650,55,19.0,17.1,30.0,1,Winter,3,3,False,0,True,Monday,4
2022-03-08,2434,5164,7598,3,8.6,4.3,26.4,1,Winter,3,3,False,1,True,Tuesday,1
2022-03-09,993,2898,3891,73,5.3,2.4,13.3,1,Winter,3,3,False,2,True,Wednesday,4
2022-03-10,2382,5195,7577,3,6.2,3.3,10.4,1,Winter,3,3,False,3,True,Thursday,1
2022-03-11,3757,5480,9237,1,8.3,5.6,16.8,1,Winter,3,3,False,4,True,Friday,1
2022-03-12,626,1493,2119,75,2.0,-3.3,29.6,1,Winter,3,3,False,5,False,Saturday,4
2022-03-13,1610,2701,4311,1,-1.7,-6.9,21.4,1,Winter,3,3,False,6,False,Sunday,1
2022-03-14,3095,4912,8007,1,5.4,1.8,12.2,1,Winter,3,3,False,0,True,Monday,1
2022-03-15,4339,6081,10420,2,11.4,8.8,12.1,1,Winter,3,3,False,1,True,Tuesday,1
2022-03-16,4641,6414,11055,1,12.3,10.1,15.3,1,Winter,3,3,False,2,True,Wednesday,1
2022-03-17,1755,3848,5603,61,11.3,10.1,11.7,1,Winter,3,3,False,3,True,Thursday,4
2022-03-18,5417,6028,11445,3,14.7,13.6,18.8,1,Winter,3,3,False,4,True,Friday,1
2022-03-19,8072,5956,14028,51,17.4,15.7,25.3,1,Winter,3,3,False,5,False,Saturday,4
2022-03-20,4630,4371,9001,3,11.9,7.5,26.7,1,Winter,3,3,False,6,False,Sunday,1
2022-03-21,4813,6216,11029,2,12.4,8.7,20.7,2,Spring,3,3,False,0,True,Monday,1
2022-03-22,5460,7282,12742,3,11.4,8.9,12.0,2,Spring,3,3,False,1,True,Tuesday,1
2022-03-23,1745,4160,5905,61,10.6,7.8,18.9,2,Spring,3,3,False,2,True,Wednesday,4
2022-03-24,2775,4956,7731,63,14.8,14.7,16.7,2,Spring,3,3,False,3,True,Thursday,4
2022-03-25,6259,6409,12668,51,12.0,9.3,18.8,2,Spring,3,3,False,4,True,Friday,4
2022-03-26,6536,4987,11523,53,8.6,4.1,23.4,2,Spring,3,3,False,5,False,Saturday,4
2022-03-27,2623,3212,5835,3,4.1,-1.7,25.4,2,Spring,3,3,False,6,False,Sunday,1
2022-03-28,1371,3634,5005,3,0.5,-5.7,30.1,2,Spring,3,3,False,0,True,Monday,1
2022-03-29,2036,4609,6645,1,1.2,-3.8,18.6,2,Spring,3,3,False,1,True,Tuesday,1
2022-03-30,3017,5599,8616,3,7.3,3.9,17.2,2,Spring,3,3,False,2,True,Wednesday,1
2022-03-31,2573,5416,7989,63,16.9,15.2,28.6,2,Spring,3,3,False,3,True,Thursday,4
2022-04-01,3529,5538,9067,53,11.2,6.9,28.9,2,Spring,3,4,False,4,True,Friday,4
2022-04-02,7788,5879,13667,2,7.5,4.2,16.4,2,Spring,3,4,False,5,False,Saturday,1
2022-04-03,5426,4874,10300,51,9.9,6.0,27.1,2,Spring,3,4,False,6,False,Sunday,4
2022-04-04,3481,5224,8705,3,8.0,4.7,15.4,2,Spring,3,4,False,0,True,Monday,1
2022-04-05,1450,3858,5308,61,9.9,8.2,17.9,2,Spring,3,4,False,1,True,Tuesday,4
2022-04-06,2517,5538,8055,63,12.1,10.9,18.7,2,Spring,3,4,False,2,True,Wednesday,4
2022-04-07,1162,3324,4486,63,10.5,8.7,18.4,2,Spring,3,4,False,3,True,Thursday,4
2022-04-08,4452,6224,10676,51,11.0,8.2,18.9,2,Spring,3,4,False,4,True,Friday,4
2022-04-09,6200,5353,11553,53,9.0,6.4,16.4,2,Spring,3,4,False,5,False,Saturday,4
2022-04-10,3880,4224,8104,51,7.6,2.9,26.0,2,Spring,3,4,False,6,False,Sunday,4
2022-04-11,3880,5584,9464,2,9.6,7.0,14.7,2,Spring,3,4,False,0,True,Monday,1
2022-04-12,4913,6736,11649,51,16.4,15.8,15.0,2,Spring,3,4,False,1,True,Tuesday,4
2022-04-13,5316,7133,12449,3,20.0,20.2,20.0,2,Spring,3,4,False,2,True,Wednesday,1
2022-04-14,4382,6121,10503,51,21.0,19.3,24.5,2,Spring,3,4,False,3,True,Thursday,4
2022-04-15,7063,6264,13327,1,14.6,11.6,20.4,2,Spring,3,4,True,4,False,Friday,1
2022-04-16,8601,5633,14234,51,17.8,15.0,21.1,2,Spring,3,4,False,5,False,Saturday,4
2022-04-17,5607,4279,9886,51,10.7,7.2,20.8,2,Spring,3,4,False,6,False,Sunday,4
2022-04-18,920,2565,3485,61,6.7,3.0,21.2,2,Spring,3,4,False,0,True,Monday,4
2022-04-19,2601,5580,8181,55,7.3,2.3,27.7,2,Spring,3,4,False,1,True,Tuesday,4
2022-04-20,4108,6731,10839,0,9.2,6.3,13.7,2,Spring,3,4,False,2,True,Wednesday,1
2022-04-21,4180,6571,10751,3,12.9,10.2,17.5,2,Spring,3,4,False,3,True,Thursday,1
2022-04-22,5948,6967,12915,3,16.8,15.7,14.5,2,Spring,3,4,False,4,True,Friday,1
2022-04-23,8236,6666,14902,3,16.2,14.8,14.9,2,Spring,3,4,False,5,False,Saturday,1
2022-04-24,7578,6082,13660,0,18.8,19.1,17.7,2,Spring,3,4,False,6,False,Sunday,1
2022-04-25,3962,6378,10340,3,16.7,16.1,16.7,2,Spring,3,4,False,0,True,Monday,1
2022-04-26,2650,5616,8266,53,16.8,17.0,12.9,2,Spring,3,4,False,1,True,Tuesday,4
2022-04-27,3548,6703,10251,3,11.2,6.8,24.5,2,Spring,3,4,False,2,True,Wednesday,1
2022-04-28,3512,6386,9898,1,8.4,4.0,20.4,2,Spring,3,4,False,3,True,Thursday,1
2022-04-29,5106,6395,11501,1,10.7,7.5,15.1,2,Spring,3,4,False,4,True,Friday,1
2022-04-30,7754,6259,14013,1,12.7,10.3,14.2,2,Spring,3,4,False,5,False,Saturday,1
2022-05-01,4032,4355,8387,61,13.6,12.4,12.9,2,Spring,3,5,False,6,False,Sunday,4
2022-05-02,4759,6582,11341,3,18.9,19.3,8.9,2,Spring,3,5,False,0,True,Monday,1
2022-05-03,4599,7210,11809,3,17.2,16.6,18.8,2,Spring,3,5,False,1,True,Tuesday,1
2022-05-04,3990,6853,10843,61,18.3,18.9,10.5,2,Spring,3,5,False,2,True,Wednesday,4
2022-05-05,4462,6781,11243,51,16.9,16.2,13.8,2,Spring,3,5,False,3,True,Thursday,4
2022-05-06,1301,2867,4168,63,14.8,14.2,20.3,2,Spring,3,5,False,4,True,Friday,4
2022-05-07,881,1958,2839,61,10.0,6.7,26.5,2,Spring,3,5,False,5,False,Saturday,4
2022-05-08,3023,4101,7124,3,9.1,5.5,23.9,2,Spring,3,5,False,6,False,Sunday,1
2022-05-09,3868,6429,10297,0,12.6,10.1,15.0,2,Spring,3,5,False,0,True,Monday,1
2022-05-10,4589,7373,11962,0,14.6,12.2,17.1,2,Spring,3,5,False,1,True,Tuesday,1
2022-05-11,4577,7323,11900,3,15.5,13.8,15.9,2,Spring,3,5,False,2,True,Wednesday,1
2022-05-12,4584,6810,11394,3,16.9,16.7,16.4,2,Spring,3,5,False,3,True,Thursday,1
2022-05-13,4729,5665,10394,61,18.1,19.1,16.5,2,Spring,3,5,False,4,True,Friday,4
2022-05-14,6446,5826,12272,53,18.6,20.3,12.8,2,Spring,3,5,False,5,False,Saturday,4
2022-05-15,6453,5700,12153,51,20.7,23.1,7.6,2,Spring,3,5,False,6,False,Sunday,4
2022-05-16,3212,5295,8507,53,21.0,22.1,20.3,2,Spring,3,5,False,0,True,Monday,4
2022-05-17,4980,7748,12728,1,20.1,18.4,22.7,2,Spring,3,5,False,1,True,Tuesday,1
2022-05-18,4884,7258,12142,3,18.1,17.1,13.0,2,Spring,3,5,False,2,True,Wednesday,1
2022-05-19,4962,7004,11966,63,21.3,21.7,17.9,2,Spring,3,5,False,3,True,Thursday,4
2022-05-20,5709,6745,12454,3,25.1,26.7,18.9,2,Spring,3,5,False,4,True,Friday,1
2022-05-21,7096,5932,13028,1,28.4,30.0,18.2,2,Spring,3,5,False,5,False,Saturday,1
2022-05-22,5159,4589,9748,61,26.8,29.7,14.9,2,Spring,3,5,False,6,False,Sunday,4
2022-05-23,4473,6096,10569,51,20.0,19.7,16.6,2,Spring,3,5,False,0,True,Monday,4
2022-05-24,3062,5816,8878,55,15.8,15.3,14.4,2,Spring,3,5,False,1,True,Tuesday,4
2022-05-25,4633,7415,12048,3,17.2,16.0,13.9,2,Spring,3,5,False,2,True,Wednesday,1
2022-05-26,4665,6814,11479,3,18.2,18.5,15.0,2,Spring,3,5,False,3,True,Thursday,1
2022-05-27,3459,4891,8350,61,20.8,22.5,22.0,2,Spring,3,5,False,4,True,Friday,4
2022-05-28,8423,5947,14370,55,21.1,21.4,15.3,2,Spring,3,5,False,5,False,Saturday,4
2022-05-29,9419,5681,15100,3,22.0,22.8,11.5,2,Spring,3,5,False,6,False,Sunday,1
2022-05-30,6987,5450,12437,1,24.8,25.5,20.4,2,Spring,3,5,True,0,False,Monday,1
2022-05-31,4205,6686,10891,1,27.5,28.9,21.1,2,Spring,3,5,False,1,True,Tuesday,1
2022-06-01,4397,6973,11370,2,28.0,30.3,8.8,2,Spring,3,6,False,2,True,Wednesday,1
2022-06-02,3125,5377,8502,63,25.8,29.0,11.5,2,Spring,3,6,False,3,True,Thursday,4
2022-06-03,6113,7371,13484,1,22.7,22.5,15.3,2,Spring,3,6,False,4,True,Friday,1
2022-06-04,8670,7237,15907,1,22.8,22.5,10.2,2,Spring,3,6,False,5,False,Saturday,1
2022-06-05,7331,6595,13926,1,21.0,19.7,14.9,2,Spring,3,6,False,6,False,Sunday,1
2022-06-06,5268,7140,12408,1,21.9,20.9,17.4,2,Spring,3,6,False,0,True,Monday,1
2022-06-07,3578,5949,9527,55,22.1,22.4,19.9,2,Spring,3,6,False,1,True,Tuesday,4
2022-06-08,4504,7178,11682,61,24.3,27.1,10.2,2,Spring,3,6,False,2,True,Wednesday,4
2022-06-09,5649,7981,13630,51,24.4,24.8,22.1,2,Spring,3,6,False,3,True,Thursday,4
2022-06-10,6880,7881,14761,3,21.7,21.2,10.8,2,Spring,3,6,False,4,True,Friday,1
2022-06-11,7102,6220,13322,61,20.2,21.3,11.1,2,Spring,3,6,False,5,False,Saturday,4
2022-06-12,6915,6275,13190,61,22.1,24.8,11.4,2,Spring,3,6,False,6,False,Sunday,4
2022-06-13,4530,6902,11432,51,26.6,30.6,10.0,2,Spring,3,6,False,0,True,Monday,4
2022-06-14,4970,7824,12794,65,24.8,28.7,11.8,2,Spring,3,6,False,1,True,Tuesday,4
2022-06-15,5440,7987,13427,3,25.8,29.0,11.5,2,Spring,3,6,False,2,True,Wednesday,1
2022-06-16,5302,7491,12793,63,24.9,27.9,15.7,2,Spring,3,6,False,3,True,Thursday,4
2022-06-17,5960,7052,13012,51,28.6,30.8,24.7,2,Spring,3,6,False,4,True,Friday,4
2022-06-18,9539,7218,16757,3,22.0,19.4,28.6,2,Spring,3,6,False,5,False,Saturday,1
2022-06-19,8967,6222,15189,1,20.1,17.1,22.2,2,Spring,3,6,True,6,False,Sunday,1
2022-06-20,7117,6674,13791,2,21.1,19.3,12.7,2,Spring,3,6,True,0,False,Monday,1
2022-06-21,5475,7416,12891,2,23.6,23.9,12.5,3,Summer,3,6,False,1,True,Tuesday,1
2022-06-22,3903,6237,10140,63,23.9,26.4,14.8,3,Summer,3,6,False,2,True,Wednesday,4
2022-06-23,4191,6264,10455,63,19.7,21.5,14.8,3,Summer,3,6,False,3,True,Thursday,4
2022-06-24,7220,8029,15249,51,22.3,24.6,8.4,3,Summer,3,6,False,4,True,Friday,4
2022-06-25,8837,7158,15995,2,24.5,27.0,11.4,3,Summer,3,6,False,5,False,Saturday,1
2022-06-26,6652,5924,12576,51,25.9,27.8,17.7,3,Summer,3,6,False,6,False,Sunday,4
2022-06-27,4709,6484,11193,63,24.3,26.4,15.1,3,Summer,3,6,False,0,True,Monday,4
2022-06-28,5887,8018,13905,1,22.8,22.4,14.8,3,Summer,3,6,False,1,True,Tuesday,1
2022-06-29,5572,7914,13486,2,24.2,25.3,11.7,3,Summer,3,6,False,2,True,Wednesday,1
2022-06-30,5309,7553,12862,2,26.3,28.9,12.7,3,Summer,3,6,False,3,True,Thursday,1
2022-07-01,5643,6866,12509,51,28.1,30.7,14.5,3,Summer,3,7,False,4,True,Friday,4
2022-07-02,6892,5651,12543,63,27.4,30.9,15.5,3,Summer,3,7,False,5,False,Saturday,4
2022-07-03,9053,5580,14633,53,25.9,28.9,11.0,3,Summer,3,7,False,6,False,Sunday,4
2022-07-04,12839,6692,19531,1,25.1,26.6,10.6,3,Summer,3,7,True,0,False,Monday,1
2022-07-05,5154,6477,11631,65,25.5,28.8,18.5,3,Summer,3,7,False,1,True,Tuesday,4
2022-07-06,5120,7082,12202,51,28.1,32.2,12.1,3,Summer,3,7,False,2,True,Wednesday,4
2022-07-07,5357,6983,12340,61,24.8,28.9,13.1,3,Summer,3,7,False,3,True,Thursday,4
2022-07-08,5904,7050,12954,51,25.3,29.2,6.9,3,Summer,3,7,False,4,True,Friday,4
2022-07-09,3605,4157,7762,65,22.6,26.2,15.1,3,Summer,3,7,False,5,False,Saturday,4
2022-07-10,7766,6588,14354,3,23.1,25.6,8.4,3,Summer,3,7,False,6,False,Sunday,1
2022-07-11,5626,7256,12882,3,23.2,25.2,11.9,3,Summer,3,7,False,0,True,Monday,1
2022-07-12,3941,6265,10206,55,26.2,29.0,16.8,3,Summer,3,7,False,1,True,Tuesday,4
2022-07-13,5893,8190,14083,2,26.8,30.0,14.5,3,Summer,3,7,False,2,True,Wednesday,1
2022-07-14,6024,7775,13799,51,26.4,28.8,11.5,3,Summer,3,7,False,3,True,Thursday,4
2022-07-15,6516,7371,13887,1,25.3,28.3,8.8,3,Summer,3,7,False,4,True,Friday,1
2022-07-16,7478,6240,13718,63,24.4,28.5,8.5,3,Summer,3,7,False,5,False,Saturday,4
2022-07-17,7026,5984,13010,51,25.6,30.0,9.1,3,Summer,3,7,False,6,False,Sunday,4
2022-07-18,4603,6645,11248,61,26.8,31.1,18.2,3,Summer,3,7,False,0,True,Monday,4
2022-07-19,5448,8107,13555,2,26.8,30.4,10.1,3,Summer,3,7,False,1,True,Tuesday,1
2022-07-20,5554,7974,13528,1,27.8,31.4,12.7,3,Summer,3,7,False,2,True,Wednesday,1
2022-07-21,4959,6912,11871,55,29.0,32.9,13.4,3,Summer,3,7,False,3,True,Thursday,4
2022-07-22,5683,6944,12627,1,28.8,31.3,11.4,3,Summer,3,7,False,4,True,Friday,1
2022-07-23,6842,5865,12707,1,29.1,32.6,15.8,3,Summer,3,7,False,5,False,Saturday,1
2022-07-24,5852,5176,11028,2,29.5,32.9,15.2,3,Summer,3,7,False,6,False,Sunday,1
2022-07-25,3923,6017,9940,65,28.8,32.6,16.3,3,Summer,3,7,False,0,True,Monday,4
2022-07-26,4848,7315,12163,51,24.7,28.4,8.7,3,Summer,3,7,False,1,True,Tuesday,4
2022-07-27,5416,7794,13210,61,25.9,30.5,9.3,3,Summer,3,7,False,2,True,Wednesday,4
2022-07-28,5323,7142,12465,55,27.1,31.6,13.6,3,Summer,3,7,False,3,True,Thursday,4
2022-07-29,4986,6150,11136,61,25.6,30.2,9.1,3,Summer,3,7,False,4,True,Friday,4
2022-07-30,8787,6645,15432,2,25.6,27.7,12.9,3,Summer,3,7,False,5,False,Saturday,1
2022-07-31,5680,5049,10729,61,24.2,27.8,11.7,3,Summer,3,7,False,6,False,Sunday,4
2022-08-01,5298,7047,12345,53,25.1,28.5,11.3,3,Summer,3,8,False,0,True,Monday,4
2022-08-02,5156,7833,12989,51,27.0,30.6,13.1,3,Summer,3,8,False,1,True,Tuesday,4
2022-08-03,5439,7683,13122,3,27.2,30.1,9.4,3,Summer,3,8,False,2,True,Wednesday,1
2022-08-04,3948,5902,9850,55,28.3,33.0,10.8,3,Summer,3,8,False,3,True,Thursday,4
2022-08-05,4198,5240,9438,63,26.7,32.2,8.7,3,Summer,3,8,False,4,True,Friday,4
2022-08-06,8078,6608,14686,51,26.0,30.4,13.6,3,Summer,3,8,False,5,False,Saturday,4
2022-08-07,6506,5394,11900,55,27.6,31.9,13.1,3,Summer,3,8,False,6,False,Sunday,4
2022-08-08,4572,6311,10883,51,28.7,33.1,12.5,3,Summer,3,8,False,0,True,Monday,4
2022-08-09,4797,6839,11636,2,29.8,34.2,11.3,3,Summer,3,8,False,1,True,Tuesday,1
2022-08-10,2887,4884,7771,65,27.3,32.7,10.0,3,Summer,3,8,False,2,True,Wednesday,4
2022-08-11,5523,7521,13044,63,25.2,28.0,12.7,3,Summer,3,8,False,3,True,Thursday,4
2022-08-12,6175,7178,13353,51,24.6,25.0,13.3,3,Summer,3,8,False,4,True,Friday,4
2022-08-13,8231,6629,14860,1,22.0,22.0,11.8,3,Summer,3,8,False,5,False,Saturday,1
2022-08-14,6427,5292,11719,53,22.6,23.5,12.4,3,Summer,3,8,False,6,False,Sunday,4
2022-08-15,4538,6320,10858,61,20.8,22.7,9.1,3,Summer,3,8,False,0,True,Monday,4
2022-08-16,5634,7835,13469,51,21.9,23.1,13.4,3,Summer,3,8,False,1,True,Tuesday,4
2022-08-17,5225,7597,12822,51,22.5,24.5,6.6,3,Summer,3,8,False,2,True,Wednesday,4
2022-08-18,5784,7783,13567,0,22.8,24.2,9.0,3,Summer,3,8,False,3,True,Thursday,1
2022-08-19,5614,7125,12739,51,24.0,26.6,12.4,3,Summer,3,8,False,4,True,Friday,4
2022-08-20,7529,6689,14218,2,25.0,27.9,12.1,3,Summer,3,8,False,5,False,Saturday,1
2022-08-21,4815,5022,9837,63,23.6,26.7,12.6,3,Summer,3,8,False,6,False,Sunday,4
2022-08-22,3920,6218,10138,63,23.8,28.3,8.6,3,Summer,3,8,False,0,True,Monday,4
2022-08-23,5094,8042,13136,1,24.0,26.3,12.4,3,Summer,3,8,False,1,True,Tuesday,1
2022-08-24,5002,7989,12991,1,25.0,27.3,8.9,3,Summer,3,8,False,2,True,Wednesday,1
2022-08-25,4760,7647,12407,51,25.4,28.7,9.8,3,Summer,3,8,False,3,True,Thursday,4
2022-08-26,5445,7310,12755,51,26.6,29.7,10.9,3,Summer,3,8,False,4,True,Friday,4
2022-08-27,7359,7010,14369,51,25.9,29.3,9.5,3,Summer,3,8,False,5,False,Saturday,4
2022-08-28,5956,6256,12212,51,26.2,30.4,10.1,3,Summer,3,8,False,6,False,Sunday,4
2022-08-29,3932,7338,11270,51,26.5,30.5,12.3,3,Summer,3,8,False,0,True,Monday,4
2022-08-30,3213,6795,10008,51,27.0,30.3,18.4,3,Summer,3,8,False,1,True,Tuesday,4
2022-08-31,4678,8587,13265,3,24.1,24.8,15.5,3,Summer,3,8,False,2,True,Wednesday,1
2022-09-01,4632,8146,12778,0,24.5,25.4,10.2,3,Summer,3,9,False,3,True,Thursday,1
2022-09-02,5459,7177,12636,3,24.2,25.1,13.0,3,Summer,3,9,False,4,True,Friday,1
2022-09-03,7476,5807,13283,51,25.0,27.6,11.0,3,Summer,3,9,False,5,False,Saturday,4
2022-09-04,7832,5449,13281,51,25.6,28.4,11.3,3,Summer,3,9,False,6,False,Sunday,4
2022-09-05,5094,5120,10214,55,24.7,27.5,11.2,3,Summer,3,9,True,0,False,Monday,4
2022-09-06,3512,6579,10091,65,24.1,27.4,17.4,3,Summer,3,9,False,1,True,Tuesday,4
2022-09-07,3512,7316,10828,61,21.5,24.1,10.7,3,Summer,3,9,False,2,True,Wednesday,4
2022-09-08,4995,8661,13656,51,22.0,23.9,10.9,3,Summer,3,9,False,3,True,Thursday,4
2022-09-09,5768,8306,14074,2,21.8,23.2,10.9,3,Summer,3,9,False,4,True,Friday,1
2022-09-10,8059,7592,15651,3,21.4,23.2,9.1,3,Summer,3,9,False,5,False,Saturday,1
2022-09-11,3697,5056,8753,61,22.5,26.3,12.0,3,Summer,3,9,False,6,False,Sunday,4
2022-09-12,3271,6488,9759,63,23.5,27.9,6.6,3,Summer,3,9,False,0,True,Monday,4
2022-09-13,4870,9237,14107,51,22.1,22.9,16.1,3,Summer,3,9,False,1,True,Tuesday,4
2022-09-14,5125,9490,14615,2,20.6,20.4,13.5,3,Summer,3,9,False,2,True,Wednesday,1
2022-09-15,5000,9083,14083,1,21.1,21.7,12.7,3,Summer,3,9,False,3,True,Thursday,1
2022-09-16,5857,8512,14369,0,19.7,20.5,6.3,3,Summer,3,9,False,4,True,Friday,1
2022-09-17,8395,7838,16233,3,21.5,23.1,10.4,3,Summer,3,9,False,5,False,Saturday,1
2022-09-18,6946,7116,14062,2,22.0,23.2,10.2,3,Summer,3,9,False,6,False,Sunday,1
2022-09-19,4282,7997,12279,2,23.4,25.2,15.3,3,Summer,3,9,False,0,True,Monday,1
2022-09-20,5211,8988,14199,0,23.3,24.3,13.5,3,Summer,3,9,False,1,True,Tuesday,1
2022-09-21,4907,9111,14018,1,22.7,23.5,12.2,4,Autumn,3,9,False,2,True,Wednesday,1
2022-09-22,4188,8272,12460,53,22.1,21.2,26.0,4,Autumn,3,9,False,3,True,Thursday,4
2022-09-23,5294,8228,13522,2,16.0,12.4,19.4,4,Autumn,3,9,False,4,True,Friday,1
2022-09-24,7397,7384,14781,1,15.8,14.2,11.4,4,Autumn,3,9,False,5,False,Saturday,1
2022-09-25,5095,6122,11217,51,19.8,19.5,14.7,4,Autumn,3,9,False,6,False,Sunday,4
2022-09-26,4405,8127,12532,2,19.8,18.7,17.5,4,Autumn,3,9,False,0,True,Monday,1
2022-09-27,4320,8816,13136,3,17.7,14.9,18.4,4,Autumn,3,9,False,1,True,Tuesday,1
2022-09-28,4484,8995,13479,3,15.3,13.1,14.6,4,Autumn,3,9,False,2,True,Wednesday,1
2022-09-29,4472,8686,13158,1,15.8,13.4,17.9,4,Autumn,3,9,False,3,True,Thursday,1
2022-09-30,3035,5796,8831,63,14.3,11.8,22.5,4,Autumn,3,9,False,4,True,Friday,4
2022-10-01,2566,4161,6727,65,15.1,13.4,26.8,4,Autumn,3,10,False,5,False,Saturday,4
2022-10-02,1161,2570,3731,61,13.5,11.9,21.2,4,Autumn,3,10,False,6,False,Sunday,4
2022-10-03,1433,4114,5547,61,9.8,6.7,19.2,4,Autumn,3,10,False,0,True,Monday,4
2022-10-04,1909,5623,7532,61,10.2,7.2,19.1,4,Autumn,3,10,False,1,True,Tuesday,4
2022-10-05,2911,6827,9738,61,13.1,11.4,18.0,4,Autumn,3,10,False,2,True,Wednesday,4
2022-10-06,4816,8519,13335,0,16.8,16.2,10.2,4,Autumn,3,10,False,3,True,Thursday,1
2022-10-07,5525,7735,13260,51,17.8,16.9,17.9,4,Autumn,3,10,False,4,True,Friday,4
2022-10-08,6081,6164,12245,51,12.4,9.4,14.7,4,Autumn,3,10,False,5,False,Saturday,4
2022-10-09,5920,6065,11985,0,10.8,8.2,12.2,4,Autumn,3,10,False,6,False,Sunday,1
2022-10-10,4565,6712,11277,0,12.2,10.2,8.9,4,Autumn,3,10,True,0,False,Monday,1
2022-10-11,3850,8029,11879,0,14.1,12.7,10.2,4,Autumn,3,10,False,1,True,Tuesday,1
2022-10-12,4318,8410,12728,3,15.0,13.8,15.3,4,Autumn,3,10,False,2,True,Wednesday,1
2022-10-13,2228,5167,7395,63,17.6,17.6,16.9,4,Autumn,3,10,False,3,True,Thursday,4
2022-10-14,4975,7895,12870,3,15.2,14.1,12.7,4,Autumn,3,10,False,4,True,Friday,1
2022-10-15,7451,6945,14396,0,15.3,13.5,17.2,4,Autumn,3,10,False,5,False,Saturday,1
2022-10-16,5845,6146,11991,51,15.2,13.8,12.6,4,Autumn,3,10,False,6,False,Sunday,4
2022-10-17,3535,7193,10728,53,15.9,14.9,17.1,4,Autumn,3,10,False,0,True,Monday,4
2022-10-18,3102,7246,10348,2,9.7,5.6,15.6,4,Autumn,3,10,False,1,True,Tuesday,1
2022-10-19,3279,7453,10732,3,8.0,4.3,18.8,4,Autumn,3,10,False,2,True,Wednesday,1
2022-10-20,3842,7655,11497,0,8.8,5.4,16.4,4,Autumn,3,10,False,3,True,Thursday,1
2022-10-21,4758,7230,11988,0,11.0,8.7,10.0,4,Autumn,3,10,False,4,True,Friday,1
2022-10-22,7491,6878,14369,1,12.3,10.8,9.0,4,Autumn,3,10,False,5,False,Saturday,1
2022-10-23,4450,4952,9402,61,12.7,11.2,13.0,4,Autumn,3,10,False,6,False,Sunday,4
2022-10-24,3302,6648,9950,51,14.4,14.2,10.6,4,Autumn,3,10,False,0,True,Monday,4
2022-10-25,3442,7746,11188,51,16.3,17.2,7.7,4,Autumn,3,10,False,1,True,Tuesday,4
2022-10-26,3646,7961,11607,51,16.3,16.4,16.1,4,Autumn,3,10,False,2,True,Wednesday,4
2022-10-27,4101,8013,12114,3,14.0,11.0,17.7,4,Autumn,3,10,False,3,True,Thursday,1
2022-10-28,4141,7052,11193,2,11.3,8.4,13.5,4,Autumn,3,10,False,4,True,Friday,1
2022-10-29,6200,6527,12727,3,11.8,9.6,10.5,4,Autumn,3,10,False,5,False,Saturday,1
2022-10-30,5633,5951,11584,2,10.7,9.1,7.5,4,Autumn,3,10,False,6,False,Sunday,1
2022-10-31,1936,5310,7246,63,13.8,13.5,12.0,4,Autumn,3,10,False,0,True,Monday,4
2022-11-01,3356,7868,11224,61,16.6,16.4,15.2,4,Autumn,3,11,False,1,True,Tuesday,4
2022-11-02,3563,8136,11699,2,15.2,14.4,13.6,4,Autumn,3,11,False,2,True,Wednesday,1
2022-11-03,4058,8196,12254,1,14.0,13.2,9.2,4,Autumn,3,11,False,3,True,Thursday,1
2022-11-04,4851,7578,12429,3,15.8,15.9,11.8,4,Autumn,3,11,False,4,True,Friday,1
2022-11-05,7840,7393,15233,2,19.4,19.6,17.9,4,Autumn,3,11,False,5,False,Saturday,1
2022-11-06,5138,5765,10903,61,20.0,21.0,18.9,4,Autumn,3,11,False,6,False,Sunday,4
2022-11-07,3904,7639,11543,1,19.9,19.6,13.8,4,Autumn,3,11,False,0,True,Monday,1
2022-11-08,3477,7644,11121,1,12.0,8.1,16.3,4,Autumn,3,11,False,1,True,Tuesday,1
2022-11-09,3284,7717,11001,1,9.6,6.8,12.2,4,Autumn,3,11,False,2,True,Wednesday,1
2022-11-10,4004,7995,11999,3,13.0,12.3,8.4,4,Autumn,3,11,False,3,True,Thursday,1
2022-11-11,2005,3823,5828,61,17.8,18.4,22.4,4,Autumn,3,11,True,4,False,Friday,4
2022-11-12,7396,6775,14171,53,18.5,18.0,23.9,4,Autumn,3,11,False,5,False,Saturday,4
2022-11-13,3090,4444,7534,51,8.4,3.4,22.7,4,Autumn,3,11,False,6,False,Sunday,4
2022-11-14,2122,5899,8021,1,5.4,1.9,13.0,4,Autumn,3,11,False,0,True,Monday,1
2022-11-15,1028,3751,4779,63,4.6,1.4,16.1,4,Autumn,3,11,False,1,True,Tuesday,4
2022-11-16,2098,6175,8273,61,6.6,2.8,18.7,4,Autumn,3,11,False,2,True,Wednesday,4
2022-11-17,1920,5924,7844,3,4.0,-1.1,23.4,4,Autumn,3,11,False,3,True,Thursday,1
2022-11-18,2168,5552,7720,51,2.6,-1.7,17.7,4,Autumn,3,11,False,4,True,Friday,4
2022-11-19,2811,4731,7542,1,2.8,-1.1,13.2,4,Autumn,3,11,False,5,False,Saturday,1
2022-11-20,1663,2982,4645,0,0.5,-4.8,22.5,4,Autumn,3,11,False,6,False,Sunday,1
2022-11-21,1778,4744,6522,0,1.8,-2.6,14.5,4,Autumn,3,11,False,0,True,Monday,1
2022-11-22,2230,5052,7282,0,4.6,0.9,11.6,4,Autumn,3,11,False,1,True,Tuesday,1
2022-11-23,2732,4613,7345,0,5.9,2.7,10.1,4,Autumn,3,11,False,2,True,Wednesday,1
2022-11-24,2302,2195,4497,1,6.5,3.6,12.4,4,Autumn,3,11,True,3,False,Thursday,1
2022-11-25,2241,2718,4959,51,8.8,5.7,23.2,4,Autumn,3,11,False,4,True,Friday,4
2022-11-26,3727,3804,7531,1,7.6,4.2,13.1,4,Autumn,3,11,False,5,False,Saturday,1
2022-11-27,991,2175,3166,63,10.0,7.6,17.8,4,Autumn,3,11,False,6,False,Sunday,4
2022-11-28,2003,5664,7667,3,10.2,7.2,21.6,4,Autumn,3,11,False,0,True,Monday,1
2022-11-29,2149,6507,8656,3,7.0,4.1,13.2,4,Autumn,3,11,False,1,True,Tuesday,1
2022-11-30,1457,4872,6329,63,9.4,5.7,27.1,4,Autumn,3,11,False,2,True,Wednesday,4
2022-12-01,2025,6106,8131,1,3.5,-1.4,19.0,4,Autumn,3,12,False,3,True,Thursday,1
2022-12-02,2459,5960,8419,2,3.4,-0.4,12.8,4,Autumn,3,12,False,4,True,Friday,1
2022-12-03,3051,4943,7994,61,10.9,7.8,26.9,4,Autumn,3,12,False,5,False,Saturday,4
2022-12-04,2529,4631,7160,1,4.4,0.6,15.6,4,Autumn,3,12,False,6,False,Sunday,1
2022-12-05,1722,5451,7173,1,2.9,-0.5,10.9,4,Autumn,3,12,False,0,True,Monday,1
2022-12-06,1302,4297,5599,61,5.5,3.4,11.3,4,Autumn,3,12,False,1,True,Tuesday,4
2022-12-07,2159,5916,8075,51,11.9,11.3,11.3,4,Autumn,3,12,False,2,True,Wednesday,4
2022-12-08,2572,6673,9245,3,10.6,8.9,12.1,4,Autumn,3,12,False,3,True,Thursday,1
2022-12-09,2557,5987,8544,2,6.0,2.7,10.1,4,Autumn,3,12,False,4,True,Friday,1
2022-12-10,2660,4753,7413,3,2.8,-0.6,9.2,4,Autumn,3,12,False,5,False,Saturday,1
2022-12-11,2298,4359,6657,51,6.0,3.6,10.5,4,Autumn,3,12,False,6,False,Sunday,4
2022-12-12,1615,4933,6548,3,4.0,0.2,16.0,4,Autumn,3,12,False,0,True,Monday,1
2022-12-13,1925,5441,7366,1,1.4,-2.5,9.7,4,Autumn,3,12,False,1,True,Tuesday,1
2022-12-14,2029,5621,7650,3,0.2,-3.5,8.0,4,Autumn,3,12,False,2,True,Wednesday,1
2022-12-15,430,1672,2102,63,4.2,0.8,22.1,4,Autumn,3,12,False,3,True,Thursday,4
2022-12-16,2282,5243,7525,61,6.7,3.0,19.4,4,Autumn,3,12,False,4,True,Friday,4
2022-12-17,2415,4451,6866,3,2.8,-1.2,16.2,4,Autumn,3,12,False,5,False,Saturday,1
2022-12-18,1683,3306,4989,3,1.6,-3.0,20.8,4,Autumn,3,12,False,6,False,Sunday,1
2022-12-19,1233,3945,5178,1,0.9,-3.9,16.6,4,Autumn,3,12,False,0,True,Monday,1
2022-12-20,1525,4201,5726,0,0.2,-3.9,11.2,4,Autumn,3,12,False,1,True,Tuesday,1
2022-12-21,1561,3907,5468,1,0.1,-3.4,9.6,4,Autumn,3,12,False,2,True,Wednesday,1
2022-12-22,333,1271,1604,63,4.4,0.9,23.2,1,Winter,3,12,True,3,False,Thursday,4
2022-12-23,446,1269,1715,63,0.1,-5.7,33.3,1,Winter,3,12,False,4,True,Friday,4
2022-12-24,315,796,1111,1,-9.1,-15.2,24.9,1,Winter,3,12,False,5,False,Saturday,1
2022-12-25,373,570,943,0,-5.1,-9.8,13.0,1,Winter,3,12,False,6,False,Sunday,1
2022-12-26,609,1240,1849,3,-3.8,-8.2,8.0,1,Winter,3,12,True,0,False,Monday,1
2022-12-27,1221,2292,3513,2,-0.3,-4.0,8.4,1,Winter,3,12,False,1,True,Tuesday,1
2022-12-28,1872,2713,4585,1,0.9,-3.1,11.2,1,Winter,3,12,False,2,True,Wednesday,1
2022-12-29,2475,3151,5626,1,3.1,-0.2,11.4,1,Winter,3,12,False,3,True,Thursday,1
2022-12-30,3056,3765,6821,1,6.4,3.7,13.0,1,Winter,3,12,False,4,True,Friday,1
2022-12-31,1481,2157,3638,63,10.5,9.3,12.0,1,Winter,3,12,False,5,False,Saturday,4
2023-01-01,3573,3214,6787,1,10.5,8.4,14.7,1,Winter,4,1,True,6,False,Sunday,1
2023-01-02,3433,3807,7240,2,10.7,9.1,11.3,1,Winter,4,1,True,0,False,Monday,1
2023-01-03,2635,4924,7559,53,14.2,13.1,20.3,1,Winter,4,1,False,1,True,Tuesday,4
2023-01-04,2488,5303,7791,55,16.0,15.8,21.0,1,Winter,4,1,False,2,True,Wednesday,4
2023-01-05,2954,5455,8409,51,12.6,11.4,13.0,1,Winter,4,1,False,3,True,Thursday,4
2023-01-06,2119,4600,6719,51,6.8,3.3,20.3,1,Winter,4,1,False,4,True,Friday,4
2023-01-07,2862,4260,7122,3,3.7,-0.3,14.8,1,Winter,4,1,False,5,False,Saturday,1
2023-01-08,1818,3358,5176,53,2.4,-1.1,11.8,1,Winter,4,1,False,6,False,Sunday,4
2023-01-09,1754,4766,6520,71,4.0,0.1,16.7,1,Winter,4,1,False,0,True,Monday,4
2023-01-10,1863,5440,7303,2,2.7,-0.8,14.0,1,Winter,4,1,False,1,True,Tuesday,1
2023-01-11,1832,5323,7155,55,3.1,-0.1,11.0,1,Winter,4,1,False,2,True,Wednesday,4
2023-01-12,1746,4909,6655,53,7.9,5.6,15.5,1,Winter,4,1,False,3,True,Thursday,4
2023-01-13,1925,4565,6490,63,8.9,4.9,23.9,1,Winter,4,1,False,4,True,Friday,4
2023-01-14,1502,3368,4870,3,2.3,-3.5,24.6,1,Winter,4,1,False,5,False,Saturday,1
2023-01-15,1949,3359,5308,1,1.6,-3.9,22.7,1,Winter,4,1,False,6,False,Sunday,1
2023-01-16,2291,4130,6421,1,2.9,-1.7,13.9,1,Winter,4,1,True,0,False,Monday,1
2023-01-17,1295,4622,5917,55,4.7,2.0,10.2,1,Winter,4,1,False,1,True,Tuesday,4
2023-01-18,2057,6129,8186,51,7.9,4.8,17.4,1,Winter,4,1,False,2,True,Wednesday,4
2023-01-19,1320,4536,5856,61,6.8,4.7,12.6,1,Winter,4,1,False,3,True,Thursday,4
2023-01-20,2072,5322,7394,3,7.2,2.9,24.0,1,Winter,4,1,False,4,True,Friday,1
2023-01-21,2339,4622,6961,3,4.0,-0.1,16.0,1,Winter,4,1,False,5,False,Saturday,1
2023-01-22,1289,2712,4001,61,2.6,-0.8,13.0,1,Winter,4,1,False,6,False,Sunday,4
2023-01-23,1219,4503,5722,53,4.7,0.5,24.5,1,Winter,4,1,False,0,True,Monday,4
2023-01-24,1801,5964,7765,2,3.2,-0.6,13.0,1,Winter,4,1,False,1,True,Tuesday,1
2023-01-25,847,3579,4426,71,4.0,0.6,20.3,1,Winter,4,1,False,2,True,Wednesday,4
2023-01-26,1790,5756,7546,61,6.1,1.6,26.0,1,Winter,4,1,False,3,True,Thursday,4
2023-01-27,1753,5061,6814,3,2.2,-2.1,15.4,1,Winter,4,1,False,4,True,Friday,1
2023-01-28,3611,5101,8712,2,5.4,1.3,14.8,1,Winter,4,1,False,5,False,Saturday,1
2023-01-29,1513,3257,4770,53,5.7,2.3,15.3,1,Winter,4,1,False,6,False,Sunday,4
2023-01-30,1971,5715,7686,3,7.9,6.1,9.4,1,Winter,4,1,False,0,True,Monday,1
2023-01-31,941,3855,4796,53,5.0,2.3,13.7,1,Winter,4,1,False,1,True,Tuesday,4
2023-02-01,1477,5409,6886,73,1.8,-2.1,13.1,1,Winter,4,2,False,2,True,Wednesday,4
2023-02-02,1477,5312,6789,3,2.0,-1.8,11.4,1,Winter,4,2,False,3,True,Thursday,1
2023-02-03,965,3695,4660,3,-0.7,-7.1,29.1,1,Winter,4,2,False,4,True,Friday,1
2023-02-04,1177,2838,4015,1,-4.1,-9.6,22.4,1,Winter,4,2,False,5,False,Saturday,1
2023-02-05,2244,4168,6412,3,3.7,-1.2,16.7,1,Winter,4,2,False,6,False,Sunday,1
2023-02-06,1484,5227,6711,3,6.6,2.5,21.4,1,Winter,4,2,False,0,True,Monday,1
2023-02-07,1732,5959,7691,3,4.1,0.7,14.1,1,Winter,4,2,False,1,True,Tuesday,1
2023-02-08,2551,7043,9594,2,9.9,7.3,14.0,1,Winter,4,2,False,2,True,Wednesday,1
2023-02-09,2505,6799,9304,3,11.5,8.9,21.2,1,Winter,4,2,False,3,True,Thursday,1
2023-02-10,2944,6265,9209,1,12.8,9.4,21.3,1,Winter,4,2,False,4,True,Friday,1
2023-02-11,3264,5007,8271,1,5.9,1.9,19.5,1,Winter,4,2,False,5,False,Saturday,1
2023-02-12,656,1713,2369,61,3.6,0.1,19.7,1,Winter,4,2,False,6,False,Sunday,4
2023-02-13,1910,5758,7668,61,7.4,2.9,19.1,1,Winter,4,2,False,0,True,Monday,4
2023-02-14,2444,6774,9218,2,7.3,3.9,12.5,1,Winter,4,2,False,1,True,Tuesday,1
2023-02-15,2480,6848,9328,53,12.4,8.7,20.8,1,Winter,4,2,False,2,True,Wednesday,4
2023-02-16,1674,5265,6939,61,12.7,12.0,15.5,1,Winter,4,2,False,3,True,Thursday,4
2023-02-17,1379,3647,5026,63,11.6,8.3,26.6,1,Winter,4,2,False,4,True,Friday,4
2023-02-18,2871,4135,7006,1,2.5,-2.2,21.1,1,Winter,4,2,False,5,False,Saturday,1
2023-02-19,4266,4452,8718,3,7.4,3.3,20.3,1,Winter,4,2,False,6,False,Sunday,1
2023-02-20,2921,4729,7650,2,11.1,8.4,17.8,1,Winter,4,2,True,0,False,Monday,1
2023-02-21,2542,6232,8774,53,10.9,8.3,25.1,1,Winter,4,2,False,1,True,Tuesday,4
2023-02-22,1966,5934,7900,51,7.4,4.1,13.1,1,Winter,4,2,False,2,True,Wednesday,4
2023-02-23,4019,7608,11627,51,16.8,16.4,17.3,1,Winter,4,2,False,3,True,Thursday,4
2023-02-24,2669,5599,8268,1,11.0,6.6,22.2,1,Winter,4,2,False,4,True,Friday,1
2023-02-25,1542,3514,5056,71,2.7,-0.8,12.6,1,Winter,4,2,False,5,False,Saturday,4
2023-02-26,3186,4742,7928,3,6.9,3.7,14.8,1,Winter,4,2,False,6,False,Sunday,1
2023-02-27,1274,4430,5704,61,5.4,1.8,16.8,1,Winter,4,2,False,0,True,Monday,4
2023-02-28,2328,6542,8870,61,8.4,6.2,15.4,1,Winter,4,2,False,1,True,Tuesday,4
2023-03-01,2472,6738,9210,2,8.0,5.2,17.8,1,Winter,4,3,False,2,True,Wednesday,1
2023-03-02,2443,6753,9196,61,12.6,10.7,16.5,1,Winter,4,3,False,3,True,Thursday,4
2023-03-03,940,3437,4377,61,6.7,3.1,23.3,1,Winter,4,3,False,4,True,Friday,4
2023-03-04,3874,5390,9264,61,10.6,6.6,28.5,1,Winter,4,3,False,5,False,Saturday,4
2023-03-05,4733,5721,10454,1,9.0,5.7,22.0,1,Winter,4,3,False,6,False,Sunday,1
2023-03-06,2649,6004,8653,1,7.7,4.9,11.3,1,Winter,4,3,False,0,True,Monday,1
2023-03-07,2139,6104,8243,51,6.7,1.9,27.3,1,Winter,4,3,False,1,True,Tuesday,4
2023-03-08,2274,6432,8706,0,5.2,0.1,23.5,1,Winter,4,3,False,2,True,Wednesday,1
2023-03-09,2948,6528,9476,0,6.0,2.4,13.6,1,Winter,4,3,False,3,True,Thursday,1
2023-03-10,1302,3754,5056,55,5.4,2.4,14.4,1,Winter,4,3,False,4,True,Friday,4
2023-03-11,2877,4509,7386,3,4.8,-0.5,28.3,1,Winter,4,3,False,5,False,Saturday,1
2023-03-12,1911,3199,5110,71,2.6,-0.6,8.0,1,Winter,4,3,False,6,False,Sunday,4
2023-03-13,1827,4870,6697,51,5.3,2.5,16.1,1,Winter,4,3,False,0,True,Monday,4
2023-03-14,1509,4847,6356,3,2.9,-3.9,34.5,1,Winter,4,3,False,1,True,Tuesday,1
2023-03-15,1832,5264,7096,0,3.9,-2.4,27.6,1,Winter,4,3,False,2,True,Wednesday,1
2023-03-16,3811,6573,10384,3,7.6,3.5,14.4,1,Winter,4,3,False,3,True,Thursday,1
2023-03-17,3338,5764,9102,51,11.5,8.4,18.9,1,Winter,4,3,False,4,True,Friday,4
2023-03-18,6043,5965,12008,3,7.6,2.9,21.0,1,Winter,4,3,False,5,False,Saturday,1
2023-03-19,2214,3683,5897,1,2.1,-3.5,22.0,1,Winter,4,3,False,6,False,Sunday,1
2023-03-20,2688,5874,8562,0,3.3,-0.4,9.9,1,Winter,4,3,False,0,True,Monday,1
2023-03-21,3764,7493,11257,2,7.0,3.7,12.5,2,Spring,4,3,False,1,True,Tuesday,1
2023-03-22,4485,8310,12795,3,11.0,7.5,15.9,2,Spring,4,3,False,2,True,Wednesday,1
2023-03-23,5607,8781,14388,53,15.5,14.0,20.6,2,Spring,4,3,False,3,True,Thursday,4
2023-03-24,1556,3738,5294,63,11.6,10.4,11.2,2,Spring,4,3,False,4,True,Friday,4
2023-03-25,3163,4374,7537,61,10.2,8.6,14.0,2,Spring,4,3,False,5,False,Saturday,4
2023-03-26,11020,7650,18670,0,12.6,9.7,16.6,2,Spring,4,3,False,6,False,Sunday,1
2023-03-27,3780,6799,10579,53,11.3,9.9,12.8,2,Spring,4,3,False,0,True,Monday,4
2023-03-28,4262,8040,12302,3,10.0,6.8,15.3,2,Spring,4,3,False,1,True,Tuesday,1
2023-03-29,4431,8324,12755,3,9.1,6.2,13.6,2,Spring,4,3,False,2,True,Wednesday,1
2023-03-30,4022,7662,11684,0,6.8,3.1,18.2,2,Spring,4,3,False,3,True,Thursday,1
2023-03-31,4759,7177,11936,53,10.7,7.7,22.2,2,Spring,4,3,False,4,True,Friday,4
2023-04-01,5830,5550,11380,61,17.8,15.0,32.4,2,Spring,4,4,False,5,False,Saturday,4
2023-04-02,6519,6397,12916,1,8.9,4.7,25.0,2,Spring,4,4,False,6,False,Sunday,1
2023-04-03,5103,7631,12734,2,11.9,9.4,19.0,2,Spring,4,4,False,0,True,Monday,1
2023-04-04,6335,8969,15304,1,17.8,17.2,14.0,2,Spring,4,4,False,1,True,Tuesday,1
2023-04-05,6247,8866,15113,2,21.4,21.8,20.1,2,Spring,4,4,False,2,True,Wednesday,1
2023-04-06,4688,7755,12443,63,21.9,22.8,17.1,2,Spring,4,4,False,3,True,Thursday,4
2023-04-07,4703,6677,11380,51,11.9,8.5,14.5,2,Spring,4,4,False,4,True,Friday,4
2023-04-08,6457,6505,12962,1,8.8,5.0,14.5,2,Spring,4,4,False,5,False,Saturday,1
2023-04-09,6062,5848,11910,1,9.3,6.8,10.4,2,Spring,4,4,False,6,False,Sunday,1
2023-04-10,4541,7622,12163,0,10.3,7.9,12.1,2,Spring,4,4,False,0,True,Monday,1
2023-04-11,5111,9216,14327,1,14.1,11.7,13.3,2,Spring,4,4,False,1,True,Tuesday,1
2023-04-12,5623,9635,15258,3,19.2,16.8,17.3,2,Spring,4,4,False,2,True,Wednesday,1
2023-04-13,5982,9629,15611,0,20.8,19.5,12.2,2,Spring,4,4,False,3,True,Thursday,1
2023-04-14,6272,8565,14837,3,19.9,19.2,14.4,2,Spring,4,4,False,4,True,Friday,1
2023-04-15,8082,7203,15285,61,19.3,21.2,10.2,2,Spring,4,4,False,5,False,Saturday,4
2023-04-16,7669,7137,14806,3,20.8,21.2,14.9,2,Spring,4,4,False,6,False,Sunday,1
2023-04-17,4117,7466,11583,51,16.6,13.6,22.2,2,Spring,4,4,True,0,False,Monday,4
2023-04-18,4810,8927,13737,1,14.4,10.6,23.8,2,Spring,4,4,False,1,True,Tuesday,1
2023-04-19,5200,9038,14238,0,14.5,12.4,12.3,2,Spring,4,4,False,2,True,Wednesday,1
2023-04-20,5671,9276,14947,1,18.7,18.8,11.3,2,Spring,4,4,False,3,True,Thursday,1
2023-04-21,6834,8589,15423,1,22.3,21.6,15.8,2,Spring,4,4,False,4,True,Friday,1
2023-04-22,4704,5459,10163,63,18.4,16.9,22.6,2,Spring,4,4,False,5,False,Saturday,4
2023-04-23,6581,7110,13691,51,13.6,10.9,18.0,2,Spring,4,4,False,6,False,Sunday,4
2023-04-24,4107,7915,12022,2,10.7,7.2,14.6,2,Spring,4,4,False,0,True,Monday,1
2023-04-25,4316,9158,13474,3,10.3,7.4,10.7,2,Spring,4,4,False,1,True,Tuesday,1
2023-04-26,4248,8987,13235,53,12.7,11.2,13.8,2,Spring,4,4,False,2,True,Wednesday,4
2023-04-27,5032,8947,13979,51,14.7,13.8,14.8,2,Spring,4,4,False,3,True,Thursday,4
2023-04-28,705,2122,2827,63,12.6,10.5,25.8,2,Spring,4,4,False,4,True,Friday,4
2023-04-29,7853,7812,15665,51,14.9,14.6,14.5,2,Spring,4,4,False,5,False,Saturday,4
2023-04-30,2228,3602,5830,63,15.2,14.7,26.3,2,Spring,4,4,False,6,False,Sunday,4
2023-05-01,3624,8064,11688,55,12.6,8.7,24.7,2,Spring,4,5,False,0,True,Monday,4
2023-05-02,3133,7690,10823,53,10.8,7.6,18.3,2,Spring,4,5,False,1,True,Tuesday,4
2023-05-03,3440,8080,11520,55,9.8,7.0,21.0,2,Spring,4,5,False,2,True,Wednesday,4
2023-05-04,4246,8787,13033,51,10.9,8.4,14.7,2,Spring,4,5,False,3,True,Thursday,4
2023-05-05,5591,8796,14387,51,12.9,11.2,8.7,2,Spring,4,5,False,4,True,Friday,4
2023-05-06,8502,8230,16732,1,14.9,14.2,10.4,2,Spring,4,5,False,5,False,Saturday,1
2023-05-07,5569,6382,11951,55,17.1,17.4,9.5,2,Spring,4,5,False,6,False,Sunday,4
2023-05-08,4714,8150,12864,51,20.2,20.8,15.3,2,Spring,4,5,False,0,True,Monday,4
2023-05-09,3954,8575,12529,51,16.5,16.0,10.0,2,Spring,4,5,False,1,True,Tuesday,4
2023-05-10,5578,9931,15509,0,15.7,14.8,10.5,2,Spring,4,5,False,2,True,Wednesday,1
2023-05-11,5624,9811,15435,1,18.5,18.7,8.8,2,Spring,4,5,False,3,True,Thursday,1
2023-05-12,6427,9136,15563,1,21.4,23.1,8.2,2,Spring,4,5,False,4,True,Friday,1
2023-05-13,4594,5807,10401,63,19.6,21.2,10.9,2,Spring,4,5,False,5,False,Saturday,4
2023-05-14,7681,7430,15111,1,18.7,17.8,12.6,2,Spring,4,5,False,6,False,Sunday,1
2023-05-15,5119,8427,13546,2,17.6,16.0,13.4,2,Spring,4,5,False,0,True,Monday,1
2023-05-16,4530,9018,13548,51,19.4,19.4,15.0,2,Spring,4,5,False,1,True,Tuesday,4
2023-05-17,5499,9679,15178,51,18.3,16.7,16.4,2,Spring,4,5,False,2,True,Wednesday,4
2023-05-18,5548,9437,14985,3,15.3,13.2,13.0,2,Spring,4,5,False,3,True,Thursday,1
2023-05-19,6922,9241,16163,51,17.3,16.2,17.3,2,Spring,4,5,False,4,True,Friday,4
2023-05-20,7822,7394,15216,53,19.4,20.2,14.3,2,Spring,4,5,False,5,False,Saturday,4
2023-05-21,7814,7157,14971,51,19.3,18.3,16.3,2,Spring,4,5,False,6,False,Sunday,4
2023-05-22,5467,8309,13776,2,20.0,19.4,12.8,2,Spring,4,5,False,0,True,Monday,1
2023-05-23,5587,9505,15092,2,18.7,18.2,13.7,2,Spring,4,5,False,1,True,Tuesday,1
2023-05-24,5429,9758,15187,1,19.5,19.3,9.9,2,Spring,4,5,False,2,True,Wednesday,1
2023-05-25,5642,9144,14786,1,17.6,15.6,19.4,2,Spring,4,5,False,3,True,Thursday,1
2023-05-26,6747,8319,15066,1,17.7,16.8,10.1,2,Spring,4,5,False,4,True,Friday,1
2023-05-27,8764,7165,15929,1,18.2,16.7,13.5,2,Spring,4,5,False,5,False,Saturday,1
2023-05-28,7856,5968,13824,53,17.9,17.0,13.8,2,Spring,4,5,False,6,False,Sunday,4
2023-05-29,3687,4106,7793,61,19.5,20.7,13.3,2,Spring,4,5,True,0,False,Monday,4
2023-05-30,4717,9134,13851,51,18.8,18.2,15.0,2,Spring,4,5,False,1,True,Tuesday,4
2023-05-31,5281,10214,15495,1,18.5,17.8,10.2,2,Spring,4,5,False,2,True,Wednesday,1
2023-06-01,5428,10079,15507,3,21.1,21.5,8.7,2,Spring,4,6,False,3,True,Thursday,1
2023-06-02,6059,9072,15131,1,24.7,25.4,10.4,2,Spring,4,6,False,4,True,Friday,1
2023-06-03,8196,8566,16762,53,23.5,23.8,17.5,2,Spring,4,6,False,5,False,Saturday,4
2023-06-04,7085,7969,15054,51,18.6,17.6,13.4,2,Spring,4,6,False,6,False,Sunday,4
2023-06-05,5006,8639,13645,3,20.4,19.5,14.4,2,Spring,4,6,False,0,True,Monday,1
2023-06-06,5349,9940,15289,2,21.8,19.5,21.3,2,Spring,4,6,False,1,True,Tuesday,1
2023-06-07,4847,9344,14191,1,21.6,20.3,13.9,2,Spring,4,6,False,2,True,Wednesday,1
2023-06-08,3942,7634,11576,1,20.7,19.3,11.9,2,Spring,4,6,False,3,True,Thursday,1
2023-06-09,5662,8815,14477,53,19.5,18.2,17.1,2,Spring,4,6,False,4,True,Friday,4
2023-06-10,8933,8735,17668,2,22.3,21.2,13.4,2,Spring,4,6,False,5,False,Saturday,1
2023-06-11,7462,7937,15399,3,24.9,24.5,15.7,2,Spring,4,6,False,6,False,Sunday,1
2023-06-12,3803,7608,11411,63,22.7,23.4,16.7,2,Spring,4,6,False,0,True,Monday,4
2023-06-13,5469,10277,15746,3,20.9,19.7,14.0,2,Spring,4,6,False,1,True,Tuesday,1
2023-06-14,5778,10363,16141,51,20.9,19.0,23.2,2,Spring,4,6,False,2,True,Wednesday,4
2023-06-15,5962,10657,16619,1,21.7,21.3,10.5,2,Spring,4,6,False,3,True,Thursday,1
2023-06-16,5849,8860,14709,61,22.6,23.8,13.5,2,Spring,4,6,False,4,True,Friday,4
2023-06-17,8689,8217,16906,2,22.1,20.8,19.7,2,Spring,4,6,False,5,False,Saturday,1
2023-06-18,7691,7496,15187,0,23.4,22.8,12.4,2,Spring,4,6,False,6,False,Sunday,1
2023-06-19,6483,7859,14342,51,24.5,25.8,14.0,2,Spring,4,6,True,0,False,Monday,4
2023-06-20,5564,9932,15496,51,22.9,23.9,19.5,2,Spring,4,6,False,1,True,Tuesday,4
2023-06-21,1840,4849,6689,55,18.5,17.9,24.2,3,Summer,4,6,False,2,True,Wednesday,4
2023-06-22,3825,8446,12271,53,18.1,17.9,17.9,3,Summer,4,6,False,3,True,Thursday,4
2023-06-23,3112,6279,9391,63,21.5,24.6,14.9,3,Summer,4,6,False,4,True,Friday,4
2023-06-24,8149,8664,16813,63,23.7,27.6,7.6,3,Summer,4,6,False,5,False,Saturday,4
2023-06-25,7551,8131,15682,2,25.2,28.0,10.1,3,Summer,4,6,False,6,False,Sunday,1
2023-06-26,4602,8373,12975,63,25.3,28.8,10.7,3,Summer,4,6,False,0,True,Monday,4
2023-06-27,4305,8542,12847,63,23.7,26.9,14.4,3,Summer,4,6,False,1,True,Tuesday,4
2023-06-28,5691,10150,15841,3,22.8,23.6,16.0,3,Summer,4,6,False,2,True,Wednesday,1
2023-06-29,5009,8807,13816,1,23.6,25.2,9.2,3,Summer,4,6,False,3,True,Thursday,1
2023-06-30,4988,8101,13089,65,23.6,26.5,10.6,3,Summer,4,6,False,4,True,Friday,4
